neighbourhood_cleansed,property_type,room_type,accommodates,bathrooms,bedrooms,beds,price
Alexanderplatz,Entire rental unit,Entire home/apt,1.2181963354399514,-0.34603484881343793,0.7502744742828571,1.1807572935474677,0.038689504897395685
Otto-Suhr-Allee,Private room in condo,Private room,-0.6136174451391675,-0.34603484881343793,-0.41539898490958854,-0.02444768878637723,-0.1607234628941584
Prenzlauer Berg Nord,Private room in bed and breakfast,Private room,-0.6136174451391675,-0.34603484881343793,-0.41539898490958854,-0.6270501799532997,0.020234741150868214
südliche Luisenstadt,Private room in rental unit,Private room,-0.6136174451391675,-0.34603484881343793,-0.41539898490958854,-0.6270501799532997,0.12344001620880617
Alt  Treptow,Private room in rental unit,Private room,-1.0715708902839471,-0.34603484881343793,-0.41539898490958854,-0.6270501799532997,-0.011639608905449956
Karl-Marx-Allee-Süd,Room in boutique hotel,Private room,-0.6136174451391675,-0.34603484881343793,-0.41539898490958854,0.5781548023805453,-0.14486106772892113
Frankfurter Allee Süd FK,Entire rental unit,Entire home/apt,0.3022894451503919,-0.34603484881343793,0.7502744742828571,-0.6270501799532997,-0.09727388223320936
Bohnsdorf,Entire cabin,Entire home/apt,-0.1556639999943878,-0.34603484881343793,-0.41539898490958854,0.5781548023805453,-0.14712712418109788
Wedding Zentrum,Entire rental unit,Entire home/apt,-0.6136174451391675,-0.34603484881343793,-0.41539898490958854,-0.6270501799532997,-0.16752163225068864
Tempelhofer Vorstadt,Private room in rental unit,Private room,-0.6136174451391675,-0.34603484881343793,-0.41539898490958854,-0.6270501799532997,-0.1607234628941584
Alexanderplatz,Entire rental unit,Entire home/apt,0.3022894451503919,-0.34603484881343793,-0.41539898490958854,-0.02444768878637723,-0.0587509225462046
Buckow,Entire rental unit,Entire home/apt,-0.1556639999943878,-0.34603484881343793,0.7502744742828571,-0.02444768878637723,-0.17658585805939564
Moabit West,Entire rental unit,Entire home/apt,1.2181963354399514,0.7024162545681413,1.9159479334753027,1.7833597847143903,-0.038356414476613844
Prenzlauer Berg Nord,Entire rental unit,Entire home/apt,-0.6136174451391675,-0.34603484881343793,-0.41539898490958854,-0.6270501799532997,-0.1697876887028654
Kantstraße,Entire rental unit,Entire home/apt,0.7602428902951717,-0.34603484881343793,0.7502744742828571,1.1807572935474677,0.040955561349572435
Alt  Treptow,Entire rental unit,Entire home/apt,0.3022894451503919,-0.34603484881343793,0.7502744742828571,-0.02444768878637723,-0.09500782578103262
Brunnenstr. Süd,Private room in rental unit,Private room,0.3022894451503919,-0.34603484881343793,-0.41539898490958854,-0.02444768878637723,-0.03155824512008359
Prenzlauer Berg Nordwest,Entire loft,Entire home/apt,0.7602428902951717,2.7993184613312994,1.9159479334753027,0.5781548023805453,-0.0587509225462046
Brunnenstr. Süd,Entire rental unit,Entire home/apt,0.7602428902951717,1.7508673579497205,1.9159479334753027,0.5781548023805453,0.02509316618433518
Wedding Zentrum,Private room in condo,Private room,-1.0715708902839471,-0.34603484881343793,-0.41539898490958854,-0.6270501799532997,0.0349278511867823
Tiergarten Süd,Entire rental unit,Entire home/apt,4.42387045145341,1.7508673579497205,3.0816213926677483,6.001577222882848,0.190515287193238
Frankfurter Allee Nord,Entire rental unit,Entire home/apt,2.1341032257295107,0.7024162545681413,0.7502744742828571,2.3859622758813126,-0.015695849954846335
Tempelhofer Vorstadt,Entire condo,Entire home/apt,1.2181963354399514,-0.34603484881343793,-0.41539898490958854,-0.6270501799532997,-0.024760075763553338
Prenzlauer Berg Südwest,Room in hotel,Private room,-0.6136174451391675,-0.34603484881343793,-0.41539898490958854,-0.6270501799532997,0.22296974770131342
Bohnsdorf,Entire home,Entire home/apt,1.2181963354399514,-0.34603484881343793,0.7502744742828571,0.5781548023805453,-0.05648486609402785
Prenzlauer Berg Nord,Entire rental unit,Entire home/apt,-0.6136174451391675,-0.34603484881343793,-0.41539898490958854,-0.6270501799532997,-0.1697876887028654
Karl-Marx-Allee-Süd,Entire rental unit,Entire home/apt,0.3022894451503919,-0.34603484881343793,-0.41539898490958854,-0.02444768878637723,-0.05648486609402785
Neu Lichtenberg,Entire rental unit,Entire home/apt,0.3022894451503919,-0.34603484881343793,-0.41539898490958854,-0.6270501799532997,-0.13126472901586062
Otto-Suhr-Allee,Private room in rental unit,Private room,-0.6136174451391675,-1.394485952195017,-0.41539898490958854,-0.6270501799532997,-0.1607234628941584
Schloß Charlottenburg,Private room in rental unit,Private room,-0.6136174451391675,1.7508673579497205,-0.41539898490958854,-0.6270501799532997,-0.18338402741592588
Prenzlauer Berg Süd,Entire loft,Entire home/apt,-0.6136174451391675,-0.34603484881343793,-1.5810724441020343,-0.6270501799532997,-0.14259501127674437
Regierungsviertel,Entire rental unit,Entire home/apt,-0.6136174451391675,-0.34603484881343793,-0.41539898490958854,-0.02444768878637723,-0.14939318063327464
Albrechtstr.,Entire rental unit,Entire home/apt,0.3022894451503919,-0.34603484881343793,0.7502744742828571,-0.02444768878637723,-0.12220050320715362
Karl-Marx-Allee-Süd,Entire rental unit,Entire home/apt,-0.1556639999943878,-0.34603484881343793,-0.41539898490958854,-0.02444768878637723,-0.10407205158973962
Pankow Süd,Entire rental unit,Entire home/apt,0.3022894451503919,-0.34603484881343793,0.7502744742828571,0.5781548023805453,0.5742084977887097
Otto-Suhr-Allee,Entire rental unit,Entire home/apt,0.3022894451503919,-0.34603484881343793,-0.41539898490958854,-0.02444768878637723,-0.0904757128766791
Alexanderplatz,Room in hotel,Hotel room,1.2181963354399514,1.7508673579497205,0.7502744742828571,-0.02444768878637723,0.036423448445218935
Prenzlauer Berg Süd,Entire rental unit,Entire home/apt,-0.6136174451391675,-0.34603484881343793,-0.41539898490958854,-0.6270501799532997,-0.14486106772892113
Neuköllner Mitte/Zentrum,Private room in rental unit,Private room,-1.0715708902839471,-0.34603484881343793,-0.41539898490958854,-0.6270501799532997,-0.19018219677245615
Tempelhofer Vorstadt,Entire rental unit,Entire home/apt,0.3022894451503919,-0.34603484881343793,0.7502744742828571,-0.02444768878637723,-0.09274176932885586
Schönholz/Wilhelmsruh/Rosenthal,Entire rental unit,Entire home/apt,-0.1556639999943878,-0.34603484881343793,-0.41539898490958854,-0.02444768878637723,-0.14939318063327464
Prenzlauer Berg Südwest,Entire loft,Entire home/apt,0.3022894451503919,-0.34603484881343793,0.7502744742828571,-0.02444768878637723,-0.0542188096418511
Brunnenstr. Süd,Entire rental unit,Entire home/apt,1.2181963354399514,-0.34603484881343793,1.9159479334753027,0.5781548023805453,0.06814823877569344
Südliche Friedrichstadt,Private room in rental unit,Private room,-0.6136174451391675,-0.34603484881343793,-0.41539898490958854,-0.6270501799532997,-0.1697876887028654
Schöneberg-Nord,Private room in bed and breakfast,Private room,-0.1556639999943878,2.7993184613312994,-0.41539898490958854,-0.02444768878637723,-0.12899867256368389
nördliche Luisenstadt,Entire loft,Entire home/apt,0.3022894451503919,1.7508673579497205,1.9159479334753027,1.1807572935474677,-0.06101697899838135
Prenzlauer Berg Süd,Entire rental unit,Entire home/apt,0.3022894451503919,-0.34603484881343793,-0.41539898490958854,-0.6270501799532997,-0.06101697899838135
nördliche Luisenstadt,Entire loft,Entire home/apt,0.3022894451503919,-0.34603484881343793,-0.41539898490958854,1.1807572935474677,-0.0678151483549116
Prenzlauer Berg Nordwest,Entire rental unit,Entire home/apt,-0.6136174451391675,-0.34603484881343793,-0.41539898490958854,-0.6270501799532997,-0.16298951934633513
Otto-Suhr-Allee,Private room in rental unit,Private room,-0.1556639999943878,-0.34603484881343793,0.7502744742828571,-0.02444768878637723,-0.12673261611150713
südliche Luisenstadt,Private room in rental unit,Private room,-0.6136174451391675,-0.34603484881343793,-0.41539898490958854,-0.02444768878637723,-0.15619134998980488
Brunnenstr. Süd,Entire rental unit,Entire home/apt,-0.6136174451391675,-0.34603484881343793,-0.41539898490958854,-0.6270501799532997,-0.13353078546803737
Pankow Süd,Entire condo,Entire home/apt,1.2181963354399514,1.7508673579497205,1.9159479334753027,1.1807572935474677,-0.08820965642450236
Brunnenstr. Nord,Entire serviced apartment,Entire home/apt,-0.1556639999943878,-0.34603484881343793,-0.41539898490958854,-0.02444768878637723,-0.09274176932885586
Neuköllner Mitte/Zentrum,Private room in rental unit,Private room,-1.0715708902839471,-0.34603484881343793,-0.41539898490958854,-0.6270501799532997,-0.19018219677245615
Karl-Marx-Allee-Süd,Shared room in hostel,Shared room,0.3022894451503919,0.7024162545681413,-0.41539898490958854,1.1807572935474677,-0.07008120480708835
Alexanderplatz,Entire condo,Entire home/apt,-0.6136174451391675,-0.34603484881343793,-1.5810724441020343,-0.6270501799532997,-0.14032895482456764
Düsseldorfer Straße,Private room in rental unit,Private room,0.3022894451503919,-0.34603484881343793,-0.41539898490958854,1.1807572935474677,-0.13806289837239089
Frankfurter Allee Süd FK,Entire rental unit,Entire home/apt,-0.6136174451391675,-0.34603484881343793,-0.41539898490958854,-0.6270501799532997,-0.16525557579851188
Alexanderplatz,Entire rental unit,Entire home/apt,0.7602428902951717,-0.34603484881343793,0.7502744742828571,1.1807572935474677,-0.00436556769396258
Kantstraße,Private room in serviced apartment,Private room,-0.6136174451391675,-0.34603484881343793,-0.41539898490958854,-0.6270501799532997,-0.12673261611150713
Niederschöneweide,Entire rental unit,Entire home/apt,-0.6136174451391675,-0.34603484881343793,-0.41539898490958854,-0.6270501799532997,-0.14939318063327464
Prenzlauer Berg Südwest,Entire rental unit,Entire home/apt,0.3022894451503919,-0.34603484881343793,0.7502744742828571,0.5781548023805453,-0.0542188096418511
Bohnsdorf,Entire condo,Entire home/apt,-0.6136174451391675,-0.34603484881343793,-0.41539898490958854,-0.02444768878637723,-0.17431980160721888
Brunnenstr. Nord,Entire serviced apartment,Entire home/apt,-0.6136174451391675,-0.34603484881343793,-1.5810724441020343,-0.6270501799532997,-0.14712712418109788
Prenzlauer Berg Südwest,Private room in condo,Private room,-1.0715708902839471,-0.34603484881343793,-0.41539898490958854,-0.6270501799532997,-0.18565008386810264
Neue Kantstraße,Entire condo,Entire home/apt,-0.1556639999943878,-0.34603484881343793,0.7502744742828571,-0.02444768878637723,-0.042888527380967344
Helmholtzplatz,Entire rental unit,Entire home/apt,-0.6136174451391675,0.7024162545681413,-0.41539898490958854,-0.6270501799532997,-0.1607234628941584
Pankow Süd,Entire rental unit,Entire home/apt,0.3022894451503919,-0.34603484881343793,-0.41539898490958854,-0.6270501799532997,-0.13579684192021413
Rahnsdorf/Hessenwinkel,Entire home,Entire home/apt,2.1341032257295107,-0.34603484881343793,0.7502744742828571,0.5781548023805453,-0.0678151483549116
Blankenburg/Heinersdorf/Märchenland,Entire rental unit,Entire home/apt,-0.6136174451391675,-0.34603484881343793,-0.41539898490958854,-0.02444768878637723,-0.17431980160721888
Düsseldorfer Straße,Entire serviced apartment,Entire home/apt,0.3022894451503919,-0.34603484881343793,-0.41539898490958854,-0.02444768878637723,-0.12899867256368389
Brunnenstr. Süd,Entire rental unit,Entire home/apt,-0.6136174451391675,-0.34603484881343793,-0.41539898490958854,-0.02444768878637723,-0.13126472901586062
Rixdorf,Private room in rental unit,Private room,-0.6136174451391675,-0.34603484881343793,-0.41539898490958854,-0.02444768878637723,-0.12446655965933037
Schönholz/Wilhelmsruh/Rosenthal,Entire guest suite,Entire home/apt,0.3022894451503919,-0.34603484881343793,0.7502744742828571,-0.02444768878637723,-0.11993444675497687
West 4,Private room in rental unit,Private room,-0.6136174451391675,-0.34603484881343793,-0.41539898490958854,-0.6270501799532997,-0.16752163225068864
Volkspark Wilmersdorf,Entire rental unit,Entire home/apt,-0.1556639999943878,-0.34603484881343793,-0.41539898490958854,-0.02444768878637723,-0.13806289837239089
Moabit West,Entire rental unit,Entire home/apt,-0.6136174451391675,-0.34603484881343793,-0.41539898490958854,1.1807572935474677,-0.16525557579851188
Frankfurter Allee Süd FK,Private room in rental unit,Private room,-1.0715708902839471,-0.34603484881343793,-0.41539898490958854,-0.6270501799532997,-0.19924642258116315
Gatow / Kladow,Entire rental unit,Entire home/apt,-0.6136174451391675,-0.34603484881343793,-1.5810724441020343,-0.02444768878637723,-0.1607234628941584
Karl-Marx-Allee-Nord,Private room in rental unit,Private room,-1.0715708902839471,-0.34603484881343793,-0.41539898490958854,-0.6270501799532997,-0.2015124790333399
Neue Kantstraße,Entire rental unit,Entire home/apt,0.3022894451503919,-0.34603484881343793,-0.41539898490958854,-0.6270501799532997,0.009230771019097925
Schöneberg-Süd,Private room in rental unit,Private room,-1.0715708902839471,-0.34603484881343793,-0.41539898490958854,-0.6270501799532997,-0.2015124790333399
Nord 1,Private room in home,Private room,-1.0715708902839471,-0.34603484881343793,-0.41539898490958854,-0.6270501799532997,-0.1969803661289864
Mierendorffplatz,Entire rental unit,Entire home/apt,-0.6136174451391675,-0.34603484881343793,-0.41539898490958854,-0.6270501799532997,-0.15619134998980488
Schöneberg-Nord,Private room in condo,Private room,-1.0715708902839471,-0.34603484881343793,-0.41539898490958854,-0.6270501799532997,-0.1969803661289864
Schloß Charlottenburg,Private room in rental unit,Private room,-1.0715708902839471,-0.34603484881343793,-0.41539898490958854,-0.6270501799532997,-0.2060445919376934
Rixdorf,Private room in rental unit,Private room,-0.6136174451391675,-0.34603484881343793,-0.41539898490958854,-0.6270501799532997,-0.11087022094626987
Müggelheim,Tiny home,Entire home/apt,-0.6136174451391675,-0.34603484881343793,-0.41539898490958854,-0.6270501799532997,-0.15392529353762813
Tempelhof,Private room in home,Private room,-0.6136174451391675,0.7024162545681413,-0.41539898490958854,-0.6270501799532997,-0.17205374515504213
südliche Luisenstadt,Entire rental unit,Entire home/apt,-0.6136174451391675,-0.34603484881343793,-0.41539898490958854,-0.6270501799532997,-0.15619134998980488
Schöneberg-Süd,Entire rental unit,Entire home/apt,2.1341032257295107,1.7508673579497205,3.0816213926677483,1.1807572935474677,0.002432601662567672
Schöneberg-Süd,Entire rental unit,Entire home/apt,0.3022894451503919,-0.34603484881343793,0.7502744742828571,-1.2296526711202223,-0.11766839030280012
südliche Luisenstadt,Entire loft,Entire home/apt,-0.6136174451391675,-0.34603484881343793,-0.41539898490958854,-0.6270501799532997,-0.15619134998980488
Teltower Damm,Private room in home,Private room,-0.6136174451391675,-0.34603484881343793,0.7502744742828571,-0.6270501799532997,-0.18111797096374915
Frankfurter Allee Süd FK,Entire rental unit,Entire home/apt,0.3022894451503919,-0.34603484881343793,-0.41539898490958854,-0.02444768878637723,-0.10407205158973962
Zehlendorf  Nord,Entire home,Entire home/apt,0.7602428902951717,0.7024162545681413,1.9159479334753027,0.5781548023805453,-0.040622470928790594
Prenzlauer Berg Südwest,Entire rental unit,Entire home/apt,2.1341032257295107,3.8477695647128787,3.0816213926677483,1.1807572935474677,0.14066204524534948
Schöneberg-Süd,Entire home,Entire home/apt,-0.6136174451391675,-0.34603484881343793,-0.41539898490958854,-0.02444768878637723,0.10647631760781102
Tempelhofer Vorstadt,Entire rental unit,Entire home/apt,1.2181963354399514,-0.34603484881343793,0.7502744742828571,1.1807572935474677,-0.017961906407023085
Moabit Ost,Entire rental unit,Entire home/apt,3.96591700630863,-0.34603484881343793,1.9159479334753027,2.3859622758813126,0.14519415814970296
Tempelhof,Entire rental unit,Entire home/apt,2.1341032257295107,-0.34603484881343793,0.7502744742828571,1.7833597847143903,-0.00436556769396258
Brunnenstr. Süd,Entire rental unit,Entire home/apt,0.3022894451503919,-0.34603484881343793,0.7502744742828571,-0.02444768878637723,-0.036090358024437094
Schöneberg-Nord,Entire rental unit,Entire home/apt,-0.6136174451391675,-0.34603484881343793,-0.41539898490958854,-0.6270501799532997,-0.16525557579851188
Frankfurter Allee Süd FK,Entire condo,Entire home/apt,-0.6136174451391675,-0.34603484881343793,0.7502744742828571,-0.02444768878637723,-0.16752163225068864
Brunnenstr. Nord,Entire rental unit,Entire home/apt,-0.6136174451391675,-0.34603484881343793,-0.41539898490958854,-0.6270501799532997,-0.14032895482456764
Prenzlauer Berg Ost,Entire rental unit,Entire home/apt,-0.6136174451391675,-0.34603484881343793,-1.5810724441020343,-0.6270501799532997,0.9111212389854447
Schöneberg-Süd,Entire rental unit,Entire home/apt,4.42387045145341,1.7508673579497205,3.0816213926677483,6.001577222882848,0.12253359362793546
Neue Kantstraße,Entire rental unit,Entire home/apt,0.3022894451503919,1.7508673579497205,0.7502744742828571,-0.02444768878637723,0.009230771019097925
Tempelhofer Vorstadt,Private room in condo,Private room,-0.1556639999943878,-0.34603484881343793,-0.41539898490958854,-0.02444768878637723,-0.12446655965933037
Prenzlauer Berg Nord,Entire rental unit,Entire home/apt,-0.1556639999943878,-0.34603484881343793,-0.41539898490958854,-0.6270501799532997,-0.13806289837239089
Reuterstraße,Entire rental unit,Entire home/apt,0.3022894451503919,-0.34603484881343793,0.7502744742828571,-0.02444768878637723,0.8194003380271385
Neu Lichtenberg,Casa particular,Entire home/apt,0.3022894451503919,-0.34603484881343793,-0.41539898490958854,-0.02444768878637723,-0.13126472901586062
Otto-Suhr-Allee,Entire rental unit,Entire home/apt,1.2181963354399514,1.7508673579497205,1.9159479334753027,0.5781548023805453,-0.020227962859199835
Moabit West,Entire rental unit,Entire home/apt,-0.1556639999943878,-0.34603484881343793,-0.41539898490958854,-0.02444768878637723,-0.13126472901586062
Alexanderplatz,Entire rental unit,Entire home/apt,0.7602428902951717,-0.34603484881343793,-0.41539898490958854,1.1807572935474677,-0.008897680598316082
Schöneberg-Nord,Entire rental unit,Entire home/apt,0.3022894451503919,-0.34603484881343793,-0.41539898490958854,-0.02444768878637723,-0.09953993868538612
Tempelhof,Entire rental unit,Entire home/apt,0.7602428902951717,1.7508673579497205,1.9159479334753027,1.1807572935474677,1.193770992378355
Tempelhofer Vorstadt,Entire rental unit,Entire home/apt,-0.6136174451391675,-0.34603484881343793,-0.41539898490958854,-0.6270501799532997,-0.16298951934633513
Otto-Suhr-Allee,Entire rental unit,Entire home/apt,0.3022894451503919,-0.34603484881343793,0.7502744742828571,0.5781548023805453,-0.0904757128766791
Alt-Lichtenberg,Entire rental unit,Entire home/apt,-0.1556639999943878,0.7024162545681413,0.7502744742828571,-0.02444768878637723,-0.0859435999723256
Prenzlauer Berg Nordwest,Private room in rental unit,Private room,-0.6136174451391675,-0.34603484881343793,-0.41539898490958854,-0.6270501799532997,-0.1607234628941584
Südliche Friedrichstadt,Entire rental unit,Entire home/apt,-0.6136174451391675,-0.34603484881343793,-0.41539898490958854,-0.02444768878637723,-0.17431980160721888
Schöneberg-Nord,Entire rental unit,Entire home/apt,-0.6136174451391675,-0.34603484881343793,-1.5810724441020343,-0.6270501799532997,-0.16525557579851188
Neue Kantstraße,Entire rental unit,Entire home/apt,0.3022894451503919,-0.34603484881343793,-0.41539898490958854,-0.02444768878637723,0.013762883923451426
Tempelhofer Vorstadt,Entire rental unit,Entire home/apt,-0.6136174451391675,-0.34603484881343793,-0.41539898490958854,-0.6270501799532997,-0.16298951934633513
Frankfurter Allee Süd FK,Houseboat,Entire home/apt,0.3022894451503919,-0.34603484881343793,-0.41539898490958854,0.5781548023805453,-0.10633810804191636
Schillerpromenade,Room in aparthotel,Entire home/apt,-0.1556639999943878,-0.34603484881343793,-0.41539898490958854,-0.6270501799532997,-0.13353078546803737
Otto-Suhr-Allee,Entire rental unit,Entire home/apt,-0.1556639999943878,-0.34603484881343793,-0.41539898490958854,-0.02444768878637723,-0.12446655965933037
Prenzlauer Berg Nord,Entire rental unit,Entire home/apt,-0.1556639999943878,-0.34603484881343793,-0.41539898490958854,-0.6270501799532997,-0.13806289837239089
Moabit West,Entire rental unit,Entire home/apt,-0.6136174451391675,-0.34603484881343793,-0.41539898490958854,-1.2296526711202223,-0.16752163225068864
Moabit Ost,Entire rental unit,Entire home/apt,0.3022894451503919,-0.34603484881343793,-1.5810724441020343,-0.02444768878637723,-0.11313627739844662
Frankfurter Allee Süd FK,Entire rental unit,Entire home/apt,2.5920566708742907,0.7024162545681413,0.7502744742828571,-0.02444768878637723,0.0704142952278702
Brunnenstr. Süd,Entire rental unit,Entire home/apt,-0.6136174451391675,-0.34603484881343793,-0.41539898490958854,-0.02444768878637723,-0.13353078546803737
Volkspark Wilmersdorf,Room in hotel,Private room,-0.6136174451391675,-2.4429370555765964,-0.41539898490958854,-0.6270501799532997,-0.1697876887028654
Rixdorf,Private room in rental unit,Private room,-1.0715708902839471,-0.34603484881343793,-0.41539898490958854,-0.6270501799532997,0.3363722767940467
Alexanderplatz,Entire rental unit,Entire home/apt,0.7602428902951717,-0.34603484881343793,-0.41539898490958854,0.5781548023805453,-0.00436556769396258
Prenzlauer Berg Südwest,Entire rental unit,Entire home/apt,0.7602428902951717,-0.34603484881343793,-1.5810724441020343,1.1807572935474677,-0.022494019311376588
Rixdorf,Entire rental unit,Entire home/apt,0.7602428902951717,-0.34603484881343793,0.7502744742828571,0.5781548023805453,0.0749464081322237
Prenzlauer Berg Nordwest,Entire rental unit,Entire home/apt,-0.6136174451391675,-0.34603484881343793,-0.41539898490958854,-0.6270501799532997,-0.1607234628941584
Friedrichsfelde Nord,Private room in rental unit,Private room,-0.6136174451391675,-0.34603484881343793,-0.41539898490958854,-0.02444768878637723,-0.18111797096374915
Frankfurter Allee Süd FK,Private room in rental unit,Private room,-0.6136174451391675,-0.34603484881343793,-0.41539898490958854,-0.6270501799532997,-0.16752163225068864
Osloer Straße,Private room in rental unit,Private room,-0.6136174451391675,-0.34603484881343793,-0.41539898490958854,-0.6270501799532997,-0.19018219677245615
Prenzlauer Berg Süd,Entire rental unit,Entire home/apt,0.3022894451503919,-0.34603484881343793,-0.41539898490958854,-0.02444768878637723,-0.06101697899838135
Kurfürstendamm,Entire rental unit,Entire home/apt,-0.1556639999943878,-0.34603484881343793,-0.41539898490958854,-0.6270501799532997,-0.06101697899838135
Neuköllner Mitte/Zentrum,Private room in rental unit,Private room,-0.6136174451391675,-0.34603484881343793,-0.41539898490958854,-0.6270501799532997,0.05910214141860384
Prenzlauer Berg Südwest,Entire rental unit,Entire home/apt,0.3022894451503919,-0.34603484881343793,0.7502744742828571,0.5781548023805453,-0.05195275318967435
Karl-Marx-Allee-Nord,Entire rental unit,Entire home/apt,-0.1556639999943878,-0.34603484881343793,-0.41539898490958854,-0.02444768878637723,-0.14486106772892113
Britz,Entire rental unit,Entire home/apt,0.3022894451503919,-0.34603484881343793,0.7502744742828571,-1.2296526711202223,-0.15392529353762813
Alexanderplatz,Entire rental unit,Entire home/apt,0.3022894451503919,-0.34603484881343793,0.7502744742828571,-0.02444768878637723,-0.045154583833144094
Grunewald,Entire rental unit,Entire home/apt,-0.6136174451391675,-0.34603484881343793,-0.41539898490958854,-0.6270501799532997,-0.16752163225068864
Moabit Ost,Entire rental unit,Entire home/apt,-0.6136174451391675,-0.34603484881343793,-0.41539898490958854,-0.6270501799532997,-0.17205374515504213
nördliche Luisenstadt,Entire loft,Entire home/apt,0.7602428902951717,-0.34603484881343793,-1.5810724441020343,1.7833597847143903,-0.029292188667906838
Karlshorst,Entire rental unit,Entire home/apt,0.3022894451503919,-0.34603484881343793,-0.41539898490958854,-0.02444768878637723,-0.10860416449409312
Tempelhofer Vorstadt,Entire rental unit,Entire home/apt,-0.6136174451391675,-0.34603484881343793,-0.41539898490958854,-0.6270501799532997,-0.16298951934633513
Drakestr.,Entire rental unit,Entire home/apt,0.3022894451503919,-0.34603484881343793,-0.41539898490958854,-0.6270501799532997,-0.12673261611150713
Frankfurter Allee Süd FK,Entire rental unit,Entire home/apt,0.3022894451503919,1.7508673579497205,0.7502744742828571,-0.02444768878637723,-0.09953993868538612
Nord 2,Entire rental unit,Entire home/apt,-0.6136174451391675,-0.34603484881343793,-0.41539898490958854,1.1807572935474677,-0.14712712418109788
Kantstraße,Private room in rental unit,Private room,-1.0715708902839471,-0.34603484881343793,-0.41539898490958854,-0.6270501799532997,-0.17658585805939564
Alexanderplatz,Room in boutique hotel,Private room,-0.6136174451391675,-0.34603484881343793,-0.41539898490958854,-0.6270501799532997,-0.14032895482456764
Prenzlauer Berg Nordwest,Private room in condo,Private room,-0.6136174451391675,-0.34603484881343793,-0.41539898490958854,-0.6270501799532997,-0.1607234628941584
Prenzlauer Berg Nordwest,Entire rental unit,Entire home/apt,-0.6136174451391675,-0.34603484881343793,-1.5810724441020343,-0.6270501799532997,0.22874365954145978
Schöneberg-Nord,Entire rental unit,Entire home/apt,0.3022894451503919,-0.34603484881343793,1.9159479334753027,1.7833597847143903,-0.09953993868538612
Brunnenstr. Süd,Entire rental unit,Entire home/apt,2.1341032257295107,1.7508673579497205,3.0816213926677483,1.7833597847143903,0.17918500493235423
Helmholtzplatz,Entire rental unit,Entire home/apt,1.2181963354399514,0.7024162545681413,1.9159479334753027,1.7833597847143903,-0.017961906407023085
Reuterstraße,Entire rental unit,Entire home/apt,-0.6136174451391675,-0.34603484881343793,-0.41539898490958854,-0.6270501799532997,-0.14259501127674437
Alexanderplatz,Entire condo,Entire home/apt,-0.6136174451391675,-0.34603484881343793,-0.41539898490958854,-0.6270501799532997,-0.14259501127674437
südliche Luisenstadt,Entire rental unit,Entire home/apt,0.3022894451503919,-0.34603484881343793,-0.41539898490958854,-0.6270501799532997,-0.08367754352014886
Reuterstraße,Entire condo,Entire home/apt,-0.6136174451391675,0.7024162545681413,0.7502744742828571,-0.02444768878637723,-0.14486106772892113
Karl-Marx-Allee-Nord,Entire condo,Entire home/apt,0.3022894451503919,-0.34603484881343793,0.7502744742828571,-0.02444768878637723,-0.11540233385062337
Oberschöneweide,Private room in rental unit,Private room,-0.6136174451391675,0.7024162545681413,-0.41539898490958854,-0.02444768878637723,-0.19018219677245615
Tempelhof,Entire rental unit,Entire home/apt,0.3022894451503919,-0.34603484881343793,0.7502744742828571,0.5781548023805453,-0.10633810804191636
Schöneberg-Nord,Entire rental unit,Entire home/apt,-0.6136174451391675,-0.34603484881343793,-1.5810724441020343,0.5781548023805453,-0.16298951934633513
Friedrichsfelde Nord,Private room in rental unit,Private room,-1.0715708902839471,-0.34603484881343793,-0.41539898490958854,-1.2296526711202223,-0.20831064838987015
Schöneberg-Süd,Entire rental unit,Entire home/apt,0.3022894451503919,-0.34603484881343793,-0.41539898490958854,-0.6270501799532997,-0.11766839030280012
Frankfurter Allee Süd FK,Private room in rental unit,Private room,-0.6136174451391675,-0.34603484881343793,-0.41539898490958854,-0.6270501799532997,-0.16752163225068864
Südliche Friedrichstadt,Entire rental unit,Entire home/apt,-0.6136174451391675,-0.34603484881343793,-0.41539898490958854,-0.6270501799532997,-0.1697876887028654
Alexanderplatz,Entire rental unit,Entire home/apt,0.3022894451503919,-0.34603484881343793,0.7502744742828571,1.1807572935474677,-0.0542188096418511
Neue Kantstraße,Entire rental unit,Entire home/apt,-0.6136174451391675,-0.34603484881343793,-0.41539898490958854,-0.6270501799532997,0.206771976181154
Tempelhofer Vorstadt,Entire rental unit,Entire home/apt,-0.6136174451391675,-0.34603484881343793,-0.41539898490958854,-0.6270501799532997,-0.16298951934633513
Schmargendorf,Entire rental unit,Entire home/apt,0.7602428902951717,1.7508673579497205,0.7502744742828571,2.3859622758813126,0.027359222636511932
Reuterstraße,Entire condo,Entire home/apt,0.3022894451503919,-0.34603484881343793,-0.41539898490958854,-0.6270501799532997,-0.05195275318967435
Alexanderplatz,Shared room in hostel,Shared room,1.2181963354399514,-0.34603484881343793,-0.41539898490958854,2.3859622758813126,0.027359222636511932
Rudow,Private room in townhouse,Private room,-0.6136174451391675,0.7024162545681413,-0.41539898490958854,-0.6270501799532997,-0.1879161403202794
Schloß Charlottenburg,Private room in rental unit,Private room,-0.1556639999943878,0.7024162545681413,-0.41539898490958854,-0.6270501799532997,-0.1607234628941584
Reuterstraße,Private room in rental unit,Private room,-0.6136174451391675,-1.394485952195017,-0.41539898490958854,-0.6270501799532997,-0.14259501127674437
Zehlendorf  Südwest,Entire rental unit,Entire home/apt,0.3022894451503919,-0.34603484881343793,-0.41539898490958854,-0.02444768878637723,-0.15392529353762813
Ostpreußendamm,Private room in home,Private room,-1.0715708902839471,-0.34603484881343793,-0.41539898490958854,-0.02444768878637723,-0.1969803661289864
Alexanderplatz,Entire condo,Entire home/apt,-0.1556639999943878,1.7508673579497205,-0.41539898490958854,-0.6270501799532997,-0.09500782578103262
Rudow,Entire home,Entire home/apt,1.2181963354399514,0.7024162545681413,1.9159479334753027,-0.6270501799532997,-0.10407205158973962
Karl-Marx-Allee-Süd,Private room in boat,Private room,-0.6136174451391675,-0.34603484881343793,-0.41539898490958854,-1.2296526711202223,-0.14939318063327464
Kantstraße,Entire rental unit,Entire home/apt,-1.0715708902839471,-0.34603484881343793,-0.41539898490958854,-0.6270501799532997,-0.17658585805939564
Schöneberg-Nord,Entire rental unit,Entire home/apt,0.3022894451503919,-0.34603484881343793,-1.5810724441020343,-0.6270501799532997,-0.10180599513756286
südliche Luisenstadt,Private room in rental unit,Private room,-0.6136174451391675,-0.34603484881343793,-0.41539898490958854,-0.6270501799532997,-0.15619134998980488
Schillerpromenade,Entire condo,Entire home/apt,0.3022894451503919,0.7024162545681413,0.7502744742828571,-0.02444768878637723,-0.09727388223320936
Mariendorf,Entire rental unit,Entire home/apt,-0.6136174451391675,-0.34603484881343793,-0.41539898490958854,-0.02444768878637723,-0.1607234628941584
Brunnenstr. Nord,Entire rental unit,Entire home/apt,0.7602428902951717,-0.34603484881343793,0.7502744742828571,-0.6270501799532997,-0.0020995112417858293
Ost 2,Private room in rental unit,Private room,-0.6136174451391675,1.7508673579497205,-0.41539898490958854,-0.6270501799532997,-0.12899867256368389
Alexanderplatz,Camper/RV,Entire home/apt,-0.6136174451391675,-0.34603484881343793,-0.41539898490958854,-0.6270501799532997,-0.14032895482456764
Zehlendorf  Nord,Entire rental unit,Entire home/apt,-0.6136174451391675,-0.34603484881343793,-0.41539898490958854,-0.6270501799532997,-0.15619134998980488
Frankfurter Allee Nord,Entire rental unit,Entire home/apt,0.3022894451503919,-0.34603484881343793,-0.41539898490958854,-0.02444768878637723,-0.11993444675497687
Plänterwald,Entire rental unit,Entire home/apt,0.7602428902951717,-0.34603484881343793,-0.41539898490958854,0.5781548023805453,-0.036090358024437094
Schöneberg-Nord,Private room in rental unit,Private room,-0.6136174451391675,-0.34603484881343793,-0.41539898490958854,-0.6270501799532997,-0.16525557579851188
Weißensee,Private room in rental unit,Private room,-0.1556639999943878,-0.34603484881343793,-0.41539898490958854,-0.02444768878637723,-0.15845740644198164
Parkviertel,Entire rental unit,Entire home/apt,-0.6136174451391675,-0.34603484881343793,-0.41539898490958854,-0.6270501799532997,-0.14486106772892113
Regierungsviertel,Entire rental unit,Entire home/apt,-0.6136174451391675,-0.34603484881343793,-0.41539898490958854,-0.6270501799532997,-0.15165923708545137
Kantstraße,Private room in rental unit,Private room,-0.6136174451391675,-0.34603484881343793,-0.41539898490958854,-0.6270501799532997,-0.11993444675497687
südliche Luisenstadt,Entire rental unit,Entire home/apt,0.3022894451503919,-0.34603484881343793,0.7502744742828571,-0.02444768878637723,-0.0859435999723256
Helmholtzplatz,Entire rental unit,Entire home/apt,-0.1556639999943878,-0.34603484881343793,-0.41539898490958854,-0.6270501799532997,-0.12673261611150713
Karl-Marx-Allee-Nord,Entire rental unit,Entire home/apt,-1.0715708902839471,-0.34603484881343793,-0.41539898490958854,-0.6270501799532997,-0.2015124790333399
West 5,Room in hotel,Private room,-0.6136174451391675,-0.34603484881343793,-0.41539898490958854,-0.6270501799532997,-0.12899867256368389
Brunnenstr. Süd,Private room in rental unit,Private room,-0.6136174451391675,0.7024162545681413,-0.41539898490958854,-0.6270501799532997,-0.13126472901586062
Osloer Straße,Entire loft,Entire home/apt,5.797730786887749,0.7024162545681413,6.578641770245086,5.398974731715925,0.0658821823235167
Forst Grunewald,Entire rental unit,Entire home/apt,-0.6136174451391675,-0.34603484881343793,-0.41539898490958854,-0.6270501799532997,-0.10180599513756286
Brunnenstr. Nord,Entire rental unit,Entire home/apt,0.7602428902951717,-0.34603484881343793,1.9159479334753027,0.5781548023805453,0.009230771019097925
Otto-Suhr-Allee,Room in hotel,Private room,-0.6136174451391675,-0.34603484881343793,-0.41539898490958854,-0.6270501799532997,-0.1607234628941584
südliche Luisenstadt,Private room in rental unit,Private room,-0.6136174451391675,-0.34603484881343793,-0.41539898490958854,-0.6270501799532997,-0.15392529353762813
Wedding Zentrum,Entire rental unit,Entire home/apt,0.3022894451503919,-0.34603484881343793,-0.41539898490958854,-0.02444768878637723,-0.10407205158973962
Alt  Treptow,Private room in rental unit,Private room,-0.6136174451391675,-0.34603484881343793,-0.41539898490958854,-0.6270501799532997,-0.1607234628941584
Moabit West,Entire rental unit,Entire home/apt,-1.0715708902839471,-0.34603484881343793,-0.41539898490958854,-0.6270501799532997,-0.1969803661289864
Friedenau,Entire condo,Entire home/apt,-0.6136174451391675,-0.34603484881343793,-0.41539898490958854,-0.6270501799532997,-0.15165923708545137
Mariendorf,Entire rental unit,Entire home/apt,1.676149780584731,-0.34603484881343793,1.9159479334753027,2.9885647670482354,0.00016654521039092139
Charlottenburg Nord,Private room in rental unit,Private room,-1.0715708902839471,-0.34603484881343793,-0.41539898490958854,-0.6270501799532997,-0.20377853548551664
West 2,Entire guesthouse,Entire home/apt,0.3022894451503919,-0.34603484881343793,-0.41539898490958854,-0.02444768878637723,-0.11540233385062337
Frankfurter Allee Süd FK,Entire rental unit,Entire home/apt,1.676149780584731,-0.34603484881343793,-0.41539898490958854,0.5781548023805453,-0.011163737050492832
Schöneberg-Nord,Entire rental unit,Entire home/apt,-0.1556639999943878,-0.34603484881343793,0.7502744742828571,-0.6270501799532997,-0.13126472901586062
West 5,Private room in rental unit,Private room,-0.6136174451391675,0.7024162545681413,-0.41539898490958854,-0.6270501799532997,0.28341453750667606
Prenzlauer Berg Nordwest,Entire rental unit,Entire home/apt,0.3022894451503919,-0.34603484881343793,0.7502744742828571,-0.02444768878637723,0.19698261230775044
Halensee,Entire rental unit,Entire home/apt,0.7602428902951717,-0.34603484881343793,0.7502744742828571,1.1807572935474677,-0.12446655965933037
Schöneberg-Süd,Entire rental unit,Entire home/apt,-0.6136174451391675,-0.34603484881343793,-1.5810724441020343,-0.6270501799532997,-0.17205374515504213
Alexanderplatz,Entire serviced apartment,Entire home/apt,-0.6136174451391675,-0.34603484881343793,-1.5810724441020343,-0.6270501799532997,-0.14032895482456764
Otto-Suhr-Allee,Entire rental unit,Entire home/apt,1.2181963354399514,1.7508673579497205,1.9159479334753027,0.5781548023805453,-0.020227962859199835
Parkviertel,Private room in rental unit,Private room,-0.6136174451391675,-0.34603484881343793,-0.41539898490958854,-0.6270501799532997,-0.14486106772892113
Weißensee,Entire home,Entire home/apt,-0.1556639999943878,-0.34603484881343793,-0.41539898490958854,-0.6270501799532997,-0.15845740644198164
Frankfurter Allee Süd FK,Entire rental unit,Entire home/apt,-0.6136174451391675,-0.34603484881343793,-0.41539898490958854,-0.6270501799532997,-0.16752163225068864
Brunnenstr. Süd,Entire rental unit,Entire home/apt,-0.6136174451391675,-0.34603484881343793,-0.41539898490958854,-0.6270501799532997,-0.13353078546803737
Alexanderplatz,Entire rental unit,Entire home/apt,-0.6136174451391675,-0.34603484881343793,-0.41539898490958854,-0.6270501799532997,-0.14032895482456764
Reuterstraße,Private room in rental unit,Private room,0.3022894451503919,-0.34603484881343793,0.7502744742828571,-0.6270501799532997,1.274243189108056
Tempelhofer Vorstadt,Private room in rental unit,Private room,-0.6136174451391675,0.7024162545681413,-0.41539898490958854,-0.6270501799532997,-0.15845740644198164
südliche Luisenstadt,Entire condo,Entire home/apt,0.3022894451503919,0.7024162545681413,0.7502744742828571,-0.02444768878637723,-0.0814114870679721
Schöneberg-Süd,Entire rental unit,Entire home/apt,0.3022894451503919,-0.34603484881343793,-0.41539898490958854,1.1807572935474677,-0.11313627739844662
Fennpfuhl,Private room in rental unit,Private room,-0.6136174451391675,-0.34603484881343793,-0.41539898490958854,-0.6270501799532997,-0.18565008386810264
südliche Luisenstadt,Entire rental unit,Entire home/apt,-0.6136174451391675,-0.34603484881343793,-0.41539898490958854,-0.6270501799532997,-0.1607234628941584
Prenzlauer Berg Süd,Entire rental unit,Entire home/apt,-0.6136174451391675,-0.34603484881343793,0.7502744742828571,-0.02444768878637723,0.3985211410514463
Moabit Ost,Entire rental unit,Entire home/apt,3.0500101160190702,0.7024162545681413,1.9159479334753027,1.7833597847143903,0.0749464081322237
Neuköllner Mitte/Zentrum,Entire condo,Entire home/apt,0.3022894451503919,-0.34603484881343793,0.7502744742828571,-0.02444768878637723,-0.07008120480708835
südliche Luisenstadt,Entire rental unit,Entire home/apt,-0.1556639999943878,-0.34603484881343793,0.7502744742828571,-0.02444768878637723,-0.12220050320715362
Südliche Friedrichstadt,Entire serviced apartment,Entire home/apt,-0.6136174451391675,-0.34603484881343793,-0.41539898490958854,-0.6270501799532997,-0.1697876887028654
Prenzlauer Berg Südwest,Entire condo,Entire home/apt,-0.6136174451391675,0.7024162545681413,0.7502744742828571,-0.02444768878637723,-0.13806289837239089
Schöneberg-Süd,Private room in rental unit,Private room,-0.6136174451391675,-0.34603484881343793,-0.41539898490958854,-0.6270501799532997,-0.1697876887028654
Brunnenstr. Nord,Entire rental unit,Entire home/apt,0.3022894451503919,-0.34603484881343793,-0.41539898490958854,-0.02444768878637723,-0.045154583833144094
Frankfurter Allee Nord,Entire rental unit,Entire home/apt,-0.6136174451391675,-0.34603484881343793,-1.5810724441020343,1.1807572935474677,-0.17658585805939564
Friedenau,Entire rental unit,Entire home/apt,-0.6136174451391675,-0.34603484881343793,-0.41539898490958854,-0.6270501799532997,-0.14939318063327464
Alt  Treptow,Entire rental unit,Entire home/apt,-0.6136174451391675,-0.34603484881343793,-0.41539898490958854,-0.6270501799532997,-0.1607234628941584
Rummelsburger Bucht,Entire rental unit,Entire home/apt,0.3022894451503919,-0.34603484881343793,0.7502744742828571,-0.02444768878637723,-0.04968669673749759
Schöneberg-Süd,Entire rental unit,Entire home/apt,-0.1556639999943878,-0.34603484881343793,-0.41539898490958854,-0.02444768878637723,0.22228539865275604
Weißensee,Entire rental unit,Entire home/apt,-0.1556639999943878,-0.34603484881343793,-1.5810724441020343,-0.6270501799532997,-0.1607234628941584
Tempelhof,Entire rental unit,Entire home/apt,-1.0715708902839471,-0.34603484881343793,-0.41539898490958854,-0.6270501799532997,-0.2015124790333399
Wedding Zentrum,Entire serviced apartment,Entire home/apt,3.96591700630863,-0.34603484881343793,1.9159479334753027,1.7833597847143903,0.13612993234099596
Prenzlauer Berg Ost,Entire home,Entire home/apt,0.3022894451503919,-0.34603484881343793,0.7502744742828571,-0.02444768878637723,0.8884606744636772
Tempelhof,Entire rental unit,Entire home/apt,-0.1556639999943878,-0.34603484881343793,0.7502744742828571,-0.02444768878637723,-0.13806289837239089
nördliche Luisenstadt,Entire rental unit,Entire home/apt,-0.6136174451391675,-0.34603484881343793,-1.5810724441020343,-0.6270501799532997,0.3620059073810702
Regierungsviertel,Entire rental unit,Entire home/apt,1.2181963354399514,-0.34603484881343793,0.7502744742828571,1.7833597847143903,1.766775091101577
Nord 1,Entire rental unit,Entire home/apt,1.2181963354399514,0.7024162545681413,0.7502744742828571,-0.02444768878637723,-0.027026132215730088
Prenzlauer Berg Südwest,Entire rental unit,Entire home/apt,-0.6136174451391675,-0.34603484881343793,-0.41539898490958854,-0.6270501799532997,-0.14259501127674437
Prenzlauer Berg Süd,Entire condo,Entire home/apt,0.7602428902951717,-0.34603484881343793,0.7502744742828571,-0.02444768878637723,-0.013429793502669584
südliche Luisenstadt,Entire rental unit,Entire home/apt,0.3022894451503919,-0.34603484881343793,-0.41539898490958854,-0.02444768878637723,-0.09500782578103262
Alexanderplatz,Entire condo,Entire home/apt,-0.6136174451391675,-0.34603484881343793,0.7502744742828571,-0.6270501799532997,-0.14032895482456764
Pankow Süd,Entire rental unit,Entire home/apt,3.5079635611638498,1.7508673579497205,4.247294851860194,3.591167258215158,0.031891335540865436
Prenzlauer Berg Südwest,Entire serviced apartment,Entire home/apt,0.3022894451503919,-0.34603484881343793,-0.41539898490958854,-0.02444768878637723,-0.05195275318967435
Rixdorf,Entire rental unit,Entire home/apt,0.3022894451503919,-0.34603484881343793,-0.41539898490958854,-0.02444768878637723,0.9499161254467107
Prenzlauer Berg Südwest,Private room in rental unit,Private room,-1.0715708902839471,-0.34603484881343793,0.7502744742828571,-0.6270501799532997,-0.18565008386810264
Otto-Suhr-Allee,Entire rental unit,Entire home/apt,-0.6136174451391675,-0.34603484881343793,-0.41539898490958854,-0.6270501799532997,-0.16298951934633513
Albrechtstr.,Private room in rental unit,Private room,-1.0715708902839471,-0.34603484881343793,-0.41539898490958854,-0.6270501799532997,-0.20377853548551664
Niederschöneweide,Entire rental unit,Entire home/apt,0.3022894451503919,0.7024162545681413,0.7502744742828571,0.5781548023805453,-0.04742064028532084
Frankfurter Allee Süd FK,Private room in rental unit,Private room,-0.6136174451391675,-0.34603484881343793,-0.41539898490958854,-0.6270501799532997,-0.16752163225068864
Schöneberg-Nord,Entire rental unit,Entire home/apt,-0.6136174451391675,-0.34603484881343793,-0.41539898490958854,-0.6270501799532997,-0.16525557579851188
Otto-Suhr-Allee,Entire rental unit,Entire home/apt,-0.6136174451391675,-0.34603484881343793,-0.41539898490958854,-0.6270501799532997,-0.1607234628941584
West 1,Entire rental unit,Entire home/apt,-0.6136174451391675,-0.34603484881343793,-0.41539898490958854,-0.02444768878637723,-0.17205374515504213
Neue Kantstraße,Private room in rental unit,Private room,-1.0715708902839471,-0.34603484881343793,-0.41539898490958854,-0.6270501799532997,-0.1697876887028654
Kurfürstendamm,Private room in rental unit,Private room,0.3022894451503919,-0.34603484881343793,0.7502744742828571,-0.02444768878637723,-0.0020995112417858293
Tempelhofer Vorstadt,Private room in rental unit,Private room,-1.0715708902839471,-0.34603484881343793,-0.41539898490958854,-0.6270501799532997,-0.1969803661289864
Prenzlauer Berg Südwest,Entire rental unit,Entire home/apt,0.3022894451503919,-0.34603484881343793,0.7502744742828571,0.5781548023805453,-0.04968669673749759
Tempelhofer Vorstadt,Entire loft,Entire home/apt,5.339777341742969,1.7508673579497205,-1.5810724441020343,-0.6270501799532997,4.301082773974107
Brunnenstr. Nord,Entire serviced apartment,Entire home/apt,0.7602428902951717,1.7508673579497205,0.7502744742828571,0.5781548023805453,-0.013429793502669584
Reuterstraße,Entire rental unit,Entire home/apt,0.3022894451503919,-0.34603484881343793,-0.41539898490958854,-0.02444768878637723,-0.05648486609402785
Alexanderplatz,Room in hotel,Private room,-0.1556639999943878,-0.34603484881343793,-0.41539898490958854,-0.6270501799532997,-0.10633810804191636
Weißensee,Room in aparthotel,Entire home/apt,0.3022894451503919,-0.34603484881343793,-0.41539898490958854,-0.02444768878637723,0.30890767259366453
Wilhelmstadt,Private room in rental unit,Private room,-0.6136174451391675,-0.34603484881343793,-0.41539898490958854,-0.6270501799532997,-0.18565008386810264
nördliche Luisenstadt,Private room in rental unit,Private room,-0.6136174451391675,-0.34603484881343793,-0.41539898490958854,-0.6270501799532997,-0.14712712418109788
Barstraße,Private room in loft,Private room,-0.6136174451391675,3.8477695647128787,-0.41539898490958854,-0.6270501799532997,-0.17658585805939564
Westend,Private room in rental unit,Private room,-1.0715708902839471,0.7024162545681413,-0.41539898490958854,-0.6270501799532997,0.0021788033399239006
Alexanderplatz,Entire rental unit,Entire home/apt,0.3022894451503919,0.7024162545681413,0.7502744742828571,-0.02444768878637723,-0.04742064028532084
Volkspark Wilmersdorf,Entire rental unit,Entire home/apt,-0.6136174451391675,-0.34603484881343793,-0.41539898490958854,-0.6270501799532997,-0.1697876887028654
Neuköllner Mitte/Zentrum,Entire rental unit,Entire home/apt,-0.1556639999943878,-0.34603484881343793,-0.41539898490958854,-0.6270501799532997,-0.11087022094626987
Alt-Lichtenberg,Room in hotel,Private room,-0.6136174451391675,-0.34603484881343793,-0.41539898490958854,-0.6270501799532997,-0.13579684192021413
Friedrichsfelde Nord,Entire home,Entire home/apt,1.2181963354399514,1.7508673579497205,0.7502744742828571,-0.02444768878637723,-0.07914543061579536
Frankfurter Allee Süd FK,Entire townhouse,Entire home/apt,0.3022894451503919,1.7508673579497205,0.7502744742828571,0.5781548023805453,-0.10860416449409312
Frankfurter Allee Nord,Entire rental unit,Entire home/apt,1.2181963354399514,-0.34603484881343793,0.7502744742828571,1.1807572935474677,-0.06554909190273485
Rahnsdorf/Hessenwinkel,Entire rental unit,Entire home/apt,2.1341032257295107,-0.34603484881343793,0.7502744742828571,1.7833597847143903,-0.07008120480708835
Prenzlauer Berg Nordwest,Entire rental unit,Entire home/apt,-0.1556639999943878,-0.34603484881343793,-0.41539898490958854,-0.6270501799532997,-0.12899867256368389
Alexanderplatz,Entire rental unit,Entire home/apt,-0.6136174451391675,1.7508673579497205,-0.41539898490958854,-0.6270501799532997,-0.14259501127674437
Schöneberg-Süd,Private room in rental unit,Private room,-1.0715708902839471,-0.34603484881343793,-0.41539898490958854,-0.6270501799532997,-0.0010797858383062916
Frankfurter Allee Süd FK,Entire rental unit,Entire home/apt,0.3022894451503919,-0.34603484881343793,0.7502744742828571,0.5781548023805453,-0.09953993868538612
Halensee,Entire rental unit,Entire home/apt,0.7602428902951717,2.7993184613312994,0.7502744742828571,-0.02444768878637723,-0.11540233385062337
Bohnsdorf,Private room in home,Private room,-0.6136174451391675,1.7508673579497205,-0.41539898490958854,-0.6270501799532997,-0.17658585805939564
Parkviertel,Private room in rental unit,Private room,-1.0715708902839471,-0.34603484881343793,-0.41539898490958854,-0.6270501799532997,-0.1879161403202794
Moabit Ost,Entire rental unit,Entire home/apt,1.2181963354399514,1.7508673579497205,1.9159479334753027,1.7833597847143903,-0.05195275318967435
Pankow Süd,Entire rental unit,Entire home/apt,0.3022894451503919,0.7024162545681413,0.7502744742828571,1.1807572935474677,-0.13579684192021413
Alexanderplatz,Entire rental unit,Entire home/apt,0.3022894451503919,-0.34603484881343793,-0.41539898490958854,-0.02444768878637723,-0.04742064028532084
Frankfurter Allee Nord,Entire rental unit,Entire home/apt,-0.1556639999943878,-0.34603484881343793,-0.41539898490958854,-0.02444768878637723,-0.14712712418109788
Otto-Suhr-Allee,Entire rental unit,Entire home/apt,-0.6136174451391675,-0.34603484881343793,-0.41539898490958854,-0.6270501799532997,-0.1607234628941584
Frankfurter Allee Süd FK,Entire rental unit,Entire home/apt,-0.6136174451391675,-0.34603484881343793,-0.41539898490958854,-0.6270501799532997,0.22575246502458646
Schillerpromenade,Private room in rental unit,Private room,-0.6136174451391675,1.7508673579497205,-0.41539898490958854,-0.6270501799532997,-0.1607234628941584
Brunnenstr. Süd,Entire condo,Entire home/apt,-0.1556639999943878,-0.34603484881343793,-0.41539898490958854,0.5781548023805453,-0.07914543061579536
Frankfurter Allee Nord,Entire rental unit,Entire home/apt,-0.1556639999943878,-0.34603484881343793,-0.41539898490958854,-0.02444768878637723,-0.14712712418109788
Alexanderplatz,Entire condo,Entire home/apt,-0.1556639999943878,-0.34603484881343793,-0.41539898490958854,-0.6270501799532997,-0.09500782578103262
Reuterstraße,Entire rental unit,Entire home/apt,3.96591700630863,-0.34603484881343793,0.7502744742828571,3.591167258215158,0.2516988114020103
Rahnsdorf/Hessenwinkel,Entire rental unit,Entire home/apt,0.3022894451503919,-0.34603484881343793,-0.41539898490958854,-0.02444768878637723,-0.14712712418109788
Volkspark Wilmersdorf,Entire rental unit,Entire home/apt,-1.0715708902839471,-0.34603484881343793,-1.5810724441020343,-0.6270501799532997,-0.19924642258116315
Schillerpromenade,Entire rental unit,Entire home/apt,1.2181963354399514,-0.34603484881343793,-0.41539898490958854,0.5781548023805453,-0.024760075763553338
Baumschulenweg,Private room in rental unit,Private room,-0.6136174451391675,-0.34603484881343793,-0.41539898490958854,-0.6270501799532997,-0.16298951934633513
Karl-Marx-Allee-Süd,Entire loft,Entire home/apt,2.1341032257295107,-0.34603484881343793,1.9159479334753027,0.5781548023805453,1.080536151463083
Neuköllner Mitte/Zentrum,Entire condo,Entire home/apt,-0.6136174451391675,-0.34603484881343793,-0.41539898490958854,-0.6270501799532997,-0.14939318063327464
Brunnenstr. Süd,Entire serviced apartment,Entire home/apt,-0.6136174451391675,-0.34603484881343793,-1.5810724441020343,-0.6270501799532997,-0.13353078546803737
Tempelhofer Vorstadt,Entire rental unit,Entire home/apt,-0.6136174451391675,-0.34603484881343793,0.7502744742828571,-0.6270501799532997,-0.16298951934633513
Westend,Room in boutique hotel,Hotel room,-0.6136174451391675,-0.34603484881343793,-0.41539898490958854,-0.6270501799532997,-0.10407205158973962
Schöneberg-Nord,Entire rental unit,Entire home/apt,0.3022894451503919,1.7508673579497205,0.7502744742828571,-1.2296526711202223,1.0066037936543641
Tiergarten Süd,Entire rental unit,Entire home/apt,-0.6136174451391675,-0.34603484881343793,0.7502744742828571,-0.02444768878637723,-0.16525557579851188
Köpenick-Süd,Entire guesthouse,Entire home/apt,-0.6136174451391675,0.7024162545681413,-0.41539898490958854,-0.6270501799532997,-0.17205374515504213
Tiergarten Süd,Entire rental unit,Entire home/apt,-0.6136174451391675,-0.34603484881343793,-0.41539898490958854,-0.6270501799532997,-0.16525557579851188
Schillerpromenade,Entire rental unit,Entire home/apt,-0.6136174451391675,-0.34603484881343793,-0.41539898490958854,-0.6270501799532997,-0.16298951934633513
Prenzlauer Berg Nordwest,Entire condo,Entire home/apt,-0.6136174451391675,-0.34603484881343793,-0.41539898490958854,-0.6270501799532997,0.23427283728477102
Brunnenstr. Süd,Entire serviced apartment,Entire home/apt,-0.1556639999943878,-0.34603484881343793,-1.5810724441020343,-0.02444768878637723,-0.08367754352014886
Frankfurter Allee Süd FK,Entire condo,Entire home/apt,-0.1556639999943878,-0.34603484881343793,-0.41539898490958854,-0.6270501799532997,-0.13579684192021413
Altglienicke,Entire rental unit,Entire home/apt,0.3022894451503919,-0.34603484881343793,0.7502744742828571,1.1807572935474677,-0.14486106772892113
Helmholtzplatz,Entire rental unit,Entire home/apt,-0.1556639999943878,-0.34603484881343793,-0.41539898490958854,-0.6270501799532997,0.16618237300976402
Wedding Zentrum,Entire rental unit,Entire home/apt,2.5920566708742907,-0.34603484881343793,1.9159479334753027,2.3859622758813126,0.02056105327998168
Frankfurter Allee Nord,Entire rental unit,Entire home/apt,-0.1556639999943878,-0.34603484881343793,-0.41539898490958854,-0.6270501799532997,-0.15165923708545137
Frankfurter Allee Süd FK,Entire rental unit,Entire home/apt,0.3022894451503919,0.7024162545681413,-0.41539898490958854,-0.02444768878637723,-0.09953993868538612
nördliche Luisenstadt,Entire rental unit,Entire home/apt,-0.6136174451391675,0.7024162545681413,-0.41539898490958854,-0.6270501799532997,-0.14712712418109788
Alexanderplatz,Room in hotel,Hotel room,0.3022894451503919,1.7508673579497205,0.7502744742828571,1.1807572935474677,-0.05195275318967435
Reuterstraße,Private room in rental unit,Private room,-1.0715708902839471,-0.34603484881343793,-0.41539898490958854,-0.6270501799532997,-0.1879161403202794
Prenzlauer Berg Süd,Entire rental unit,Entire home/apt,-0.1556639999943878,-0.34603484881343793,-0.41539898490958854,-0.6270501799532997,-0.10407205158973962
Prenzlauer Berg Nordwest,Entire rental unit,Entire home/apt,0.7602428902951717,-0.34603484881343793,-0.41539898490958854,0.5781548023805453,-0.07461331771144185
südliche Luisenstadt,Entire rental unit,Entire home/apt,0.3022894451503919,-0.34603484881343793,0.7502744742828571,-0.02444768878637723,-0.08367754352014886
Pankow Zentrum,Private room in rental unit,Private room,-0.6136174451391675,-0.34603484881343793,-0.41539898490958854,-0.6270501799532997,-0.1697876887028654
MV 2,Private room in home,Private room,-1.0715708902839471,0.7024162545681413,-0.41539898490958854,-0.6270501799532997,-0.1969803661289864
Helmholtzplatz,Entire rental unit,Entire home/apt,0.3022894451503919,-0.34603484881343793,-0.41539898490958854,-0.02444768878637723,-0.0904757128766791
Spandau Mitte,Private room in condo,Private room,-0.6136174451391675,-0.34603484881343793,-0.41539898490958854,-0.6270501799532997,-0.2015124790333399
Heerstrasse,Private room in rental unit,Private room,-1.0715708902839471,-0.34603484881343793,-0.41539898490958854,-0.6270501799532997,-0.17205374515504213
Karl-Marx-Allee-Süd,Room in hotel,Private room,-1.0715708902839471,-2.4429370555765964,-0.41539898490958854,-0.6270501799532997,-0.19018219677245615
Tempelhof,Entire rental unit,Entire home/apt,-0.6136174451391675,-0.34603484881343793,-0.41539898490958854,-0.6270501799532997,0.04000834975256254
Brunnenstr. Süd,Entire rental unit,Entire home/apt,-0.6136174451391675,-0.34603484881343793,-0.41539898490958854,-0.02444768878637723,-0.13353078546803737
Frankfurter Allee Süd FK,Entire condo,Entire home/apt,-0.1556639999943878,0.7024162545681413,-0.41539898490958854,-0.02444768878637723,-0.13126472901586062
Moabit Ost,Entire rental unit,Entire home/apt,-1.0715708902839471,-0.34603484881343793,-0.41539898490958854,-0.6270501799532997,-0.2015124790333399
Brunnenstr. Süd,Entire rental unit,Entire home/apt,1.2181963354399514,1.7508673579497205,3.0816213926677483,1.1807572935474677,0.0749464081322237
Alexanderplatz,Entire loft,Entire home/apt,-0.1556639999943878,-0.34603484881343793,-0.41539898490958854,-0.02444768878637723,-0.09727388223320936
südliche Luisenstadt,Entire rental unit,Entire home/apt,-0.1556639999943878,-2.4429370555765964,0.7502744742828571,-0.02444768878637723,-0.12220050320715362
Moabit West,Entire rental unit,Entire home/apt,-0.1556639999943878,-0.34603484881343793,-0.41539898490958854,-0.6270501799532997,-0.13126472901586062
Weißensee,Entire rental unit,Entire home/apt,-0.6136174451391675,-0.34603484881343793,-0.41539898490958854,-0.02444768878637723,-0.18338402741592588
Karl-Marx-Allee-Süd,Private room in rental unit,Private room,-1.0715708902839471,-0.34603484881343793,-0.41539898490958854,-0.6270501799532997,-0.19018219677245615
nördliche Luisenstadt,Entire rental unit,Entire home/apt,0.7602428902951717,1.7508673579497205,1.9159479334753027,0.5781548023805453,-0.024760075763553338
Moabit Ost,Entire rental unit,Entire home/apt,-0.6136174451391675,-0.34603484881343793,-0.41539898490958854,-0.6270501799532997,-0.17658585805939564
Adlershof,Entire guesthouse,Entire home/apt,1.2181963354399514,-0.34603484881343793,0.7502744742828571,0.5781548023805453,0.016028940375628176
Prenzlauer Berg Süd,Private room in rental unit,Private room,-0.6136174451391675,-0.34603484881343793,-1.5810724441020343,-0.6270501799532997,-0.14259501127674437
Prenzlauer Berg Nordwest,Entire rental unit,Entire home/apt,-0.6136174451391675,-0.34603484881343793,-0.41539898490958854,-0.6270501799532997,-0.1607234628941584
Prenzlauer Berg Süd,Entire rental unit,Entire home/apt,-0.6136174451391675,-0.34603484881343793,-0.41539898490958854,-0.6270501799532997,-0.14486106772892113
Schillerpromenade,Entire rental unit,Entire home/apt,-0.6136174451391675,-0.34603484881343793,-1.5810724441020343,-0.6270501799532997,-0.16298951934633513
Schillerpromenade,Entire rental unit,Entire home/apt,0.7602428902951717,1.7508673579497205,1.9159479334753027,-0.02444768878637723,-0.0632830354505581
Karl-Marx-Allee-Süd,Entire condo,Entire home/apt,-0.6136174451391675,-0.34603484881343793,0.7502744742828571,-0.02444768878637723,-0.14486106772892113
nördliche Luisenstadt,Private room in rental unit,Private room,-0.6136174451391675,-0.34603484881343793,-1.5810724441020343,-0.6270501799532997,-0.14939318063327464
Neu Lichtenberg,Entire place,Entire home/apt,-0.6136174451391675,-0.34603484881343793,-0.41539898490958854,-0.6270501799532997,0.1981654937757867
Moabit West,Private room in rental unit,Private room,-1.0715708902839471,0.7024162545681413,-0.41539898490958854,-0.6270501799532997,-0.1969803661289864
Frankfurter Allee Süd FK,Entire rental unit,Entire home/apt,-0.6136174451391675,-0.34603484881343793,-0.41539898490958854,-0.6270501799532997,-0.16525557579851188
Rummelsburger Bucht,Houseboat,Entire home/apt,0.3022894451503919,-0.34603484881343793,-0.41539898490958854,-0.02444768878637723,-0.045154583833144094
Tempelhofer Vorstadt,Private room in rental unit,Private room,-1.0715708902839471,-0.34603484881343793,-0.41539898490958854,-0.6270501799532997,-0.1969803661289864
südliche Luisenstadt,Entire rental unit,Entire home/apt,-0.1556639999943878,-0.34603484881343793,0.7502744742828571,-0.02444768878637723,-0.12220050320715362
Schöneberg-Süd,Private room in rental unit,Private room,-0.1556639999943878,-0.34603484881343793,-0.41539898490958854,-0.02444768878637723,-0.14259501127674437
Teltower Damm,Entire rental unit,Entire home/apt,1.2181963354399514,0.7024162545681413,1.9159479334753027,0.5781548023805453,-0.08367754352014886
Pankow Zentrum,Entire guesthouse,Entire home/apt,-0.6136174451391675,-0.34603484881343793,-0.41539898490958854,-0.6270501799532997,-0.17205374515504213
Brunnenstr. Süd,Entire rental unit,Entire home/apt,1.2181963354399514,-0.34603484881343793,-0.41539898490958854,-0.6270501799532997,0.0704142952278702
Altglienicke,Entire rental unit,Entire home/apt,-0.1556639999943878,-0.34603484881343793,0.7502744742828571,-0.02444768878637723,-0.16752163225068864
Grunewald,Entire cottage,Entire home/apt,-0.1556639999943878,-0.34603484881343793,-0.41539898490958854,1.7833597847143903,-0.13806289837239089
Schöneberg-Nord,Shared room in bed and breakfast,Shared room,0.7602428902951717,-0.34603484881343793,-0.41539898490958854,4.796372240549003,-0.06554909190273485
Alexanderplatz,Entire rental unit,Entire home/apt,0.3022894451503919,-0.34603484881343793,-0.41539898490958854,-0.02444768878637723,-0.04968669673749759
Brunnenstr. Süd,Private room in rental unit,Private room,-1.0715708902839471,-0.34603484881343793,-0.41539898490958854,-0.6270501799532997,-0.18111797096374915
Tiergarten Süd,Entire rental unit,Entire home/apt,-0.6136174451391675,-0.34603484881343793,-0.41539898490958854,-0.6270501799532997,-0.16298951934633513
Alexanderplatz,Entire rental unit,Entire home/apt,-0.6136174451391675,-0.34603484881343793,-1.5810724441020343,-0.6270501799532997,-0.13806289837239089
Pankow Zentrum,Entire rental unit,Entire home/apt,0.7602428902951717,1.7508673579497205,0.7502744742828571,0.5781548023805453,-0.0723472612592651
Südliche Friedrichstadt,Entire serviced apartment,Entire home/apt,0.3022894451503919,-0.34603484881343793,-0.41539898490958854,0.5781548023805453,-0.10633810804191636
Schillerpromenade,Private room in rental unit,Private room,-1.0715708902839471,-0.34603484881343793,-0.41539898490958854,-0.6270501799532997,-0.1969803661289864
Reuterstraße,Entire rental unit,Entire home/apt,-0.6136174451391675,-0.34603484881343793,-0.41539898490958854,-0.6270501799532997,-0.14486106772892113
Brunnenstr. Süd,Entire rental unit,Entire home/apt,-0.6136174451391675,-0.34603484881343793,-0.41539898490958854,-0.6270501799532997,-0.13353078546803737
Alexanderplatz,Entire rental unit,Entire home/apt,2.1341032257295107,4.8962206680944576,3.0816213926677483,1.7833597847143903,0.13612993234099596
Schöneberg-Nord,Entire rental unit,Entire home/apt,-0.6136174451391675,-0.34603484881343793,-1.5810724441020343,2.3859622758813126,-0.16298951934633513
Parkviertel,Entire rental unit,Entire home/apt,-0.6136174451391675,-0.34603484881343793,-0.41539898490958854,-0.6270501799532997,-0.14259501127674437
Brunnenstr. Nord,Entire serviced apartment,Entire home/apt,0.7602428902951717,1.7508673579497205,0.7502744742828571,-0.02444768878637723,1.624412360550025
Frankfurter Allee Süd FK,Entire rental unit,Entire home/apt,-0.6136174451391675,-0.34603484881343793,0.7502744742828571,1.1807572935474677,-0.16525557579851188
Prenzlauer Berg Nordwest,Entire rental unit,Entire home/apt,0.3022894451503919,-0.34603484881343793,0.7502744742828571,-0.02444768878637723,-0.09500782578103262
Karl-Marx-Allee-Nord,Private room in rental unit,Private room,-1.0715708902839471,-0.34603484881343793,-0.41539898490958854,-0.6270501799532997,-0.2015124790333399
Schöneberg-Süd,Entire rental unit,Entire home/apt,-0.1556639999943878,-0.34603484881343793,-1.5810724441020343,0.5781548023805453,-0.14486106772892113
Karl-Marx-Allee-Nord,Entire rental unit,Entire home/apt,1.2181963354399514,-0.34603484881343793,0.7502744742828571,0.5781548023805453,-0.0587509225462046
Reuterstraße,Private room in rental unit,Private room,-0.6136174451391675,0.7024162545681413,-0.41539898490958854,-0.6270501799532997,-0.14486106772892113
Frankfurter Allee Süd FK,Entire rental unit,Entire home/apt,0.7602428902951717,-0.34603484881343793,0.7502744742828571,0.5781548023805453,-0.0678151483549116
Brunnenstr. Nord,Private room in rental unit,Private room,-0.6136174451391675,-0.34603484881343793,-0.41539898490958854,-0.6270501799532997,-0.13806289837239089
Rahnsdorf/Hessenwinkel,Entire rental unit,Entire home/apt,0.3022894451503919,-0.34603484881343793,0.7502744742828571,-0.02444768878637723,-0.14486106772892113
Volkspark Wilmersdorf,Entire rental unit,Entire home/apt,0.3022894451503919,-0.34603484881343793,-0.41539898490958854,-0.02444768878637723,-0.10860416449409312
Tempelhofer Vorstadt,Entire rental unit,Entire home/apt,1.2181963354399514,-0.34603484881343793,1.9159479334753027,1.7833597847143903,-0.040622470928790594
Tempelhofer Vorstadt,Private room in castle,Private room,-1.0715708902839471,0.7024162545681413,-0.41539898490958854,-0.6270501799532997,-0.19471430967680964
Karow,Private room in home,Private room,-1.0715708902839471,-0.34603484881343793,-0.41539898490958854,-0.6270501799532997,-0.2015124790333399
Gatow / Kladow,Entire guesthouse,Entire home/apt,-0.6136174451391675,-0.34603484881343793,-0.41539898490958854,-1.2296526711202223,-0.1607234628941584
Brunnenstr. Nord,Entire rental unit,Entire home/apt,0.3022894451503919,1.7508673579497205,0.7502744742828571,-0.02444768878637723,-0.04742064028532084
Ostpreußendamm,Private room in home,Private room,-1.0715708902839471,0.7024162545681413,-0.41539898490958854,-0.6270501799532997,-0.1969803661289864
Prenzlauer Berg Südwest,Entire rental unit,Entire home/apt,-0.6136174451391675,-0.34603484881343793,-0.41539898490958854,-0.6270501799532997,-0.14032895482456764
Karl-Marx-Allee-Nord,Entire rental unit,Entire home/apt,0.3022894451503919,-0.34603484881343793,-0.41539898490958854,-0.02444768878637723,-0.11313627739844662
Friedrichsfelde Nord,Private room in townhouse,Private room,-0.6136174451391675,-0.34603484881343793,-0.41539898490958854,-0.6270501799532997,-0.18111797096374915
Ostpreußendamm,Private room in home,Private room,-1.0715708902839471,-0.34603484881343793,-0.41539898490958854,-0.6270501799532997,-0.19471430967680964
Helmholtzplatz,Private room in hostel,Private room,-1.0715708902839471,15.380731701910248,-1.5810724441020343,-0.6270501799532997,-0.1969803661289864
Grunewald,Entire rental unit,Entire home/apt,-0.6136174451391675,-0.34603484881343793,-0.41539898490958854,-0.6270501799532997,-0.16752163225068864
Regierungsviertel,Entire rental unit,Entire home/apt,0.3022894451503919,-0.34603484881343793,-0.41539898490958854,-0.02444768878637723,-0.07008120480708835
Reuterstraße,Private room in rental unit,Private room,-0.6136174451391675,-0.34603484881343793,-0.41539898490958854,-0.02444768878637723,-0.14259501127674437
Brunnenstr. Süd,Entire rental unit,Entire home/apt,-0.6136174451391675,-0.34603484881343793,0.7502744742828571,0.5781548023805453,-0.13126472901586062
Wedding Zentrum,Entire rental unit,Entire home/apt,-0.6136174451391675,-0.34603484881343793,-0.41539898490958854,-0.6270501799532997,-0.17205374515504213
Tempelhof,Entire rental unit,Entire home/apt,0.3022894451503919,-0.34603484881343793,-0.41539898490958854,-0.6270501799532997,-0.10633810804191636
Friedrichsfelde Süd,Private room in condo,Private room,-0.6136174451391675,-0.34603484881343793,-0.41539898490958854,-0.6270501799532997,0.11115345812510381
Karlshorst,Entire rental unit,Entire home/apt,0.3022894451503919,-0.34603484881343793,0.7502744742828571,-0.02444768878637723,-0.11766839030280012
Alexanderplatz,Entire rental unit,Entire home/apt,0.3022894451503919,0.7024162545681413,0.7502744742828571,-0.02444768878637723,-0.04742064028532084
Brunnenstr. Süd,Entire rental unit,Entire home/apt,0.7602428902951717,-0.34603484881343793,0.7502744742828571,0.5781548023805453,1.829182285794525
Alexanderplatz,Entire rental unit,Entire home/apt,-0.6136174451391675,-0.34603484881343793,-0.41539898490958854,-0.6270501799532997,-0.13806289837239089
Alexanderplatz,Entire condo,Entire home/apt,0.3022894451503919,1.7508673579497205,0.7502744742828571,-0.02444768878637723,-0.04742064028532084
Regierungsviertel,Entire rental unit,Entire home/apt,-1.0715708902839471,0.7024162545681413,-1.5810724441020343,-0.6270501799532997,-0.19018219677245615
Alexanderplatz,Entire rental unit,Entire home/apt,0.3022894451503919,-0.34603484881343793,-0.41539898490958854,-0.6270501799532997,0.9170129857611042
Friedenau,Entire rental unit,Entire home/apt,0.7602428902951717,-0.34603484881343793,-0.41539898490958854,0.5781548023805453,-0.038356414476613844
Halensee,Private room in rental unit,Private room,-0.6136174451391675,-0.34603484881343793,-0.41539898490958854,-0.6270501799532997,-0.18565008386810264
Neu Lichtenberg,Private room in rental unit,Private room,-0.6136174451391675,-0.34603484881343793,-0.41539898490958854,-0.6270501799532997,-0.18111797096374915
Kurfürstendamm,Entire rental unit,Entire home/apt,2.1341032257295107,-0.34603484881343793,1.9159479334753027,1.1807572935474677,0.21770796461935898
Tempelhofer Vorstadt,Room in hotel,Hotel room,-0.6136174451391675,-0.34603484881343793,-0.41539898490958854,-0.02444768878637723,0.343093400231203
Tempelhofer Vorstadt,Entire rental unit,Entire home/apt,0.3022894451503919,-0.34603484881343793,-0.41539898490958854,-0.02444768878637723,-0.0904757128766791
Moabit West,Entire rental unit,Entire home/apt,-0.6136174451391675,-0.34603484881343793,-0.41539898490958854,-0.6270501799532997,-0.16525557579851188
Schmöckwitz/Karolinenhof/Rauchfangswerder,Houseboat,Entire home/apt,5.797730786887749,-0.34603484881343793,-0.41539898490958854,-0.02444768878637723,16.058407905383472
Reuterstraße,Shared room in hostel,Shared room,0.3022894451503919,-0.34603484881343793,-0.41539898490958854,1.1807572935474677,-0.0587509225462046
Schöneberg-Nord,Entire rental unit,Entire home/apt,-0.6136174451391675,-0.34603484881343793,-0.41539898490958854,-0.6270501799532997,-0.16525557579851188
Albrechtstr.,Entire rental unit,Entire home/apt,3.96591700630863,-0.34603484881343793,3.0816213926677483,2.9885647670482354,0.08174457748875395
Alexanderplatz,Entire loft,Entire home/apt,-0.6136174451391675,-0.34603484881343793,-0.41539898490958854,-1.2296526711202223,-0.14259501127674437
Tempelhofer Vorstadt,Entire rental unit,Entire home/apt,-0.6136174451391675,-0.34603484881343793,-0.41539898490958854,-0.6270501799532997,-0.1607234628941584
Tiergarten Süd,Private room in rental unit,Private room,-0.6136174451391675,0.7024162545681413,-0.41539898490958854,-0.6270501799532997,-0.16752163225068864
Frankfurter Allee Süd FK,Entire rental unit,Entire home/apt,-0.1556639999943878,-0.34603484881343793,-0.41539898490958854,-0.02444768878637723,-0.13126472901586062
Neuköllner Mitte/Zentrum,Entire rental unit,Entire home/apt,-0.6136174451391675,-0.34603484881343793,-1.5810724441020343,-0.6270501799532997,-0.14939318063327464
Neu Lichtenberg,Entire rental unit,Entire home/apt,1.676149780584731,-0.34603484881343793,1.9159479334753027,1.1807572935474677,-0.05195275318967435
Blankenfelde/Niederschönhausen,Entire rental unit,Entire home/apt,1.2181963354399514,1.7508673579497205,1.9159479334753027,2.9885647670482354,-0.11766839030280012
Schillerpromenade,Private room in rental unit,Private room,-0.6136174451391675,-0.34603484881343793,-0.41539898490958854,-0.6270501799532997,-0.16298951934633513
Prenzlauer Berg Südwest,Entire rental unit,Entire home/apt,0.3022894451503919,-0.34603484881343793,-0.41539898490958854,-0.6270501799532997,-0.05195275318967435
Reuterstraße,Entire rental unit,Entire home/apt,-0.6136174451391675,-0.34603484881343793,-0.41539898490958854,-0.6270501799532997,0.19537371222670497
Südliche Friedrichstadt,Private room in rental unit,Private room,-0.6136174451391675,0.7024162545681413,-0.41539898490958854,-0.6270501799532997,-0.16752163225068864
Alexanderplatz,Entire rental unit,Entire home/apt,0.7602428902951717,-0.34603484881343793,-0.41539898490958854,1.1807572935474677,-0.00436556769396258
Alexanderplatz,Shared room in hostel,Shared room,1.2181963354399514,0.7024162545681413,-0.41539898490958854,2.3859622758813126,0.029625279088688682
Moabit West,Private room in rental unit,Private room,-0.6136174451391675,-0.34603484881343793,-0.41539898490958854,-0.6270501799532997,-0.16298951934633513
Prenzlauer Berg Südwest,Entire rental unit,Entire home/apt,0.3022894451503919,-0.34603484881343793,0.7502744742828571,0.5781548023805453,-0.04968669673749759
Südliche Friedrichstadt,Entire rental unit,Entire home/apt,1.2181963354399514,1.7508673579497205,1.9159479334753027,0.5781548023805453,-0.05648486609402785
Südliche Friedrichstadt,Entire rental unit,Entire home/apt,-0.6136174451391675,-0.34603484881343793,-0.41539898490958854,-0.6270501799532997,-0.17205374515504213
Neuköllner Mitte/Zentrum,Entire condo,Entire home/apt,-0.1556639999943878,-0.34603484881343793,0.7502744742828571,0.5781548023805453,-0.11540233385062337
Prenzlauer Berg Süd,Entire rental unit,Entire home/apt,-0.6136174451391675,-0.34603484881343793,-0.41539898490958854,-0.6270501799532997,-0.14939318063327464
Düsseldorfer Straße,Entire rental unit,Entire home/apt,0.3022894451503919,-0.34603484881343793,-0.41539898490958854,-1.2296526711202223,-0.12673261611150713
Friedenau,Room in hotel,Hotel room,0.3022894451503919,-0.34603484881343793,-0.41539898490958854,-0.02444768878637723,-0.07008120480708835
Buckow Nord,Private room in rental unit,Private room,-0.6136174451391675,-0.34603484881343793,-0.41539898490958854,-0.6270501799532997,-0.1607234628941584
südliche Luisenstadt,Entire rental unit,Entire home/apt,-0.6136174451391675,-0.34603484881343793,-0.41539898490958854,-0.6270501799532997,-0.15845740644198164
Grunewald,Entire rental unit,Entire home/apt,-0.6136174451391675,-0.34603484881343793,-0.41539898490958854,-0.6270501799532997,-0.16752163225068864
Moabit West,Private room in condo,Private room,-0.1556639999943878,-0.34603484881343793,-0.41539898490958854,-0.02444768878637723,-0.13579684192021413
Volkspark Wilmersdorf,Entire serviced apartment,Entire home/apt,-0.6136174451391675,-0.34603484881343793,-0.41539898490958854,-0.6270501799532997,-0.18565008386810264
Brunnenstr. Süd,Entire rental unit,Entire home/apt,-0.6136174451391675,-0.34603484881343793,-0.41539898490958854,-0.6270501799532997,-0.12899867256368389
Neuköllner Mitte/Zentrum,Private room in rental unit,Private room,-0.6136174451391675,-0.34603484881343793,-0.41539898490958854,-0.6270501799532997,-0.15165923708545137
Brunnenstr. Süd,Entire condo,Entire home/apt,-0.6136174451391675,-0.34603484881343793,-0.41539898490958854,-0.6270501799532997,-0.12899867256368389
Otto-Suhr-Allee,Private room in rental unit,Private room,-0.6136174451391675,-0.34603484881343793,-0.41539898490958854,-0.6270501799532997,0.42164851320236224
Marienfelde,Entire rental unit,Entire home/apt,2.1341032257295107,-0.34603484881343793,4.247294851860194,1.1807572935474677,0.11120331136705171
Alexanderplatz,Entire rental unit,Entire home/apt,-0.1556639999943878,-0.34603484881343793,0.7502744742828571,0.5781548023805453,-0.0904757128766791
Reuterstraße,Entire rental unit,Entire home/apt,-0.6136174451391675,-0.34603484881343793,-0.41539898490958854,-0.6270501799532997,-0.14486106772892113
Mariendorf,Entire rental unit,Entire home/apt,-0.6136174451391675,-0.34603484881343793,-0.41539898490958854,-0.6270501799532997,-0.15845740644198164
Schöneberg-Süd,Private room in rental unit,Private room,-0.6136174451391675,-0.34603484881343793,-0.41539898490958854,-0.6270501799532997,-0.17205374515504213
Brunnenstr. Süd,Entire rental unit,Entire home/apt,1.2181963354399514,1.7508673579497205,1.9159479334753027,0.5781548023805453,0.07268035168004695
Reuterstraße,Entire rental unit,Entire home/apt,0.7602428902951717,-0.34603484881343793,0.7502744742828571,1.1807572935474677,-0.006631624146139331
Prenzlauer Berg Nordwest,Entire rental unit,Entire home/apt,3.96591700630863,3.8477695647128787,5.41296831105264,3.591167258215158,0.17918500493235423
nördliche Luisenstadt,Entire rental unit,Entire home/apt,-0.6136174451391675,-0.34603484881343793,-0.41539898490958854,-0.6270501799532997,-0.14712712418109788
Alexanderplatz,Entire rental unit,Entire home/apt,-0.1556639999943878,-0.34603484881343793,-0.41539898490958854,0.5781548023805453,-0.09953993868538612
Zehlendorf  Nord,Entire home,Entire home/apt,2.1341032257295107,1.7508673579497205,1.9159479334753027,1.1807572935474677,0.06135006941916319
Moabit Ost,Entire rental unit,Entire home/apt,1.2181963354399514,-0.34603484881343793,0.7502744742828571,1.1807572935474677,-0.05195275318967435
Moabit West,Private room in rental unit,Private room,-0.6136174451391675,-0.34603484881343793,-0.41539898490958854,-0.6270501799532997,-0.16525557579851188
Hellersdorf-Nord,Private room in rental unit,Private room,-0.6136174451391675,-0.34603484881343793,-0.41539898490958854,-0.6270501799532997,-0.2015124790333399
Prenzlauer Berg Südwest,Entire vacation home,Entire home/apt,-0.6136174451391675,-0.34603484881343793,-0.41539898490958854,-0.6270501799532997,-0.13806289837239089
Weißensee,Private room in rental unit,Private room,-0.6136174451391675,-0.34603484881343793,-0.41539898490958854,-0.6270501799532997,-0.18111797096374915
Prenzlauer Berg Nordwest,Entire loft,Entire home/apt,-0.6136174451391675,-0.34603484881343793,-1.5810724441020343,-0.6270501799532997,-0.1607234628941584
Alexanderplatz,Entire rental unit,Entire home/apt,0.3022894451503919,-0.34603484881343793,-0.41539898490958854,-0.02444768878637723,-0.04742064028532084
Alexanderplatz,Private room in rental unit,Private room,-0.6136174451391675,1.7508673579497205,-0.41539898490958854,-0.6270501799532997,-0.13806289837239089
Frankfurter Allee Süd FK,Private room in home,Private room,-0.1556639999943878,3.8477695647128787,-1.5810724441020343,-0.02444768878637723,-0.13579684192021413
Neue Kantstraße,Entire condo,Entire home/apt,-0.6136174451391675,-0.34603484881343793,-0.41539898490958854,-0.6270501799532997,0.3544236824920868
Niederschöneweide,Room in aparthotel,Entire home/apt,-0.6136174451391675,-0.34603484881343793,-1.5810724441020343,-0.6270501799532997,-0.14259501127674437
Rudow,Entire rental unit,Entire home/apt,-0.6136174451391675,-0.34603484881343793,-0.41539898490958854,-0.6270501799532997,-0.19018219677245615
Alexanderplatz,Entire rental unit,Entire home/apt,1.2181963354399514,-0.34603484881343793,0.7502744742828571,2.3859622758813126,0.036423448445218935
Moabit West,Private room in rental unit,Private room,-0.6136174451391675,-0.34603484881343793,0.7502744742828571,-0.6270501799532997,-0.16298951934633513
Prenzlauer Berg Südwest,Entire rental unit,Entire home/apt,0.3022894451503919,1.7508673579497205,3.0816213926677483,1.7833597847143903,-0.045154583833144094
Moabit Ost,Private room in rental unit,Private room,-0.6136174451391675,-0.34603484881343793,-0.41539898490958854,-0.6270501799532997,0.17464382780219204
Karl-Marx-Allee-Süd,Private room in rental unit,Private room,-0.6136174451391675,-0.34603484881343793,-0.41539898490958854,-0.6270501799532997,0.32171995577427187
Köllnische Heide,Private room in condo,Private room,-0.1556639999943878,-0.34603484881343793,-0.41539898490958854,-0.6270501799532997,-0.16298951934633513
Volkspark Wilmersdorf,Entire rental unit,Entire home/apt,-0.6136174451391675,-0.34603484881343793,-0.41539898490958854,-0.6270501799532997,0.015050003988287835
Tempelhofer Vorstadt,Entire loft,Entire home/apt,1.2181963354399514,-0.34603484881343793,0.7502744742828571,-0.02444768878637723,-0.017961906407023085
Otto-Suhr-Allee,Entire serviced apartment,Entire home/apt,-0.6136174451391675,-0.34603484881343793,-0.41539898490958854,-0.6270501799532997,-0.15845740644198164
Reuterstraße,Entire rental unit,Entire home/apt,-0.6136174451391675,-0.34603484881343793,-0.41539898490958854,-0.6270501799532997,-0.14259501127674437
Rixdorf,Entire rental unit,Entire home/apt,-0.6136174451391675,-0.34603484881343793,-0.41539898490958854,-0.6270501799532997,-0.11313627739844662
Tempelhofer Vorstadt,Entire rental unit,Entire home/apt,0.3022894451503919,-0.34603484881343793,0.7502744742828571,-0.02444768878637723,-0.09274176932885586
Südliche Friedrichstadt,Entire rental unit,Entire home/apt,0.3022894451503919,-0.34603484881343793,-0.41539898490958854,0.5781548023805453,-0.10860416449409312
Schillerpromenade,Entire rental unit,Entire home/apt,-0.6136174451391675,-0.34603484881343793,-0.41539898490958854,-0.6270501799532997,-0.16298951934633513
Biesdorf,Entire home,Entire home/apt,2.1341032257295107,1.7508673579497205,1.9159479334753027,2.3859622758813126,-0.09500782578103262
südliche Luisenstadt,Entire rental unit,Entire home/apt,0.3022894451503919,-0.34603484881343793,-0.41539898490958854,-0.02444768878637723,-0.08820965642450236
Prenzlauer Berg Südwest,Entire rental unit,Entire home/apt,-0.6136174451391675,-0.34603484881343793,-1.5810724441020343,-0.6270501799532997,-0.13806289837239089
Frankfurter Allee Süd FK,Entire rental unit,Entire home/apt,-0.6136174451391675,-0.34603484881343793,-1.5810724441020343,-0.6270501799532997,-0.16752163225068864
Reuterstraße,Entire condo,Entire home/apt,-0.6136174451391675,-0.34603484881343793,-0.41539898490958854,-0.6270501799532997,-0.14032895482456764
Otto-Suhr-Allee,Room in serviced apartment,Hotel room,-1.0715708902839471,-0.34603484881343793,-0.41539898490958854,-0.6270501799532997,-0.19471430967680964
Brunnenstr. Süd,Private room in rental unit,Private room,-1.0715708902839471,1.7508673579497205,-0.41539898490958854,-0.6270501799532997,-0.18111797096374915
Tempelhofer Vorstadt,Entire rental unit,Entire home/apt,0.7602428902951717,-0.34603484881343793,0.7502744742828571,1.1807572935474677,-0.05648486609402785
Schillerpromenade,Entire rental unit,Entire home/apt,-0.6136174451391675,-0.34603484881343793,0.7502744742828571,-0.02444768878637723,-0.16298951934633513
Teltower Damm,Private room in home,Private room,-0.6136174451391675,-0.34603484881343793,-0.41539898490958854,-0.6270501799532997,-0.18111797096374915
Wilhelmstadt,Entire rental unit,Entire home/apt,-0.1556639999943878,-0.34603484881343793,-0.41539898490958854,-0.02444768878637723,-0.16298951934633513
Otto-Suhr-Allee,Entire serviced apartment,Entire home/apt,-0.6136174451391675,-0.34603484881343793,-0.41539898490958854,-0.6270501799532997,-0.1607234628941584
Lichtenrade,Entire rental unit,Entire home/apt,-0.6136174451391675,-0.34603484881343793,-0.41539898490958854,-0.02444768878637723,-0.14712712418109788
Frankfurter Allee Süd FK,Entire rental unit,Entire home/apt,0.7602428902951717,-0.34603484881343793,0.7502744742828571,0.5781548023805453,-0.07461331771144185
Plänterwald,Entire rental unit,Entire home/apt,-0.6136174451391675,-0.34603484881343793,-0.41539898490958854,-0.6270501799532997,-0.14712712418109788
Schöneberg-Nord,Private room in rental unit,Private room,-0.6136174451391675,5.944671771476036,-0.41539898490958854,-0.6270501799532997,-0.16752163225068864
Wedding Zentrum,Entire rental unit,Entire home/apt,0.3022894451503919,-0.34603484881343793,-0.41539898490958854,0.5781548023805453,0.16549802396120664
Prenzlauer Berg Süd,Entire rental unit,Entire home/apt,1.2181963354399514,1.7508673579497205,1.9159479334753027,2.3859622758813126,0.031891335540865436
Neue Kantstraße,Entire rental unit,Entire home/apt,-0.1556639999943878,-0.34603484881343793,-0.41539898490958854,0.5781548023805453,-0.0542188096418511
Brunnenstr. Süd,Entire rental unit,Entire home/apt,-0.6136174451391675,-0.34603484881343793,-0.41539898490958854,-0.6270501799532997,-0.12899867256368389
Baumschulenweg,Entire rental unit,Entire home/apt,-0.1556639999943878,-0.34603484881343793,-0.41539898490958854,-0.6270501799532997,-0.13126472901586062
Frankfurter Allee Süd FK,Entire rental unit,Entire home/apt,0.3022894451503919,-0.34603484881343793,0.7502744742828571,-0.02444768878637723,-0.09953993868538612
Frankfurter Allee Nord,Entire rental unit,Entire home/apt,1.2181963354399514,1.7508673579497205,1.9159479334753027,0.5781548023805453,-0.0678151483549116
Prenzlauer Berg Nord,Entire rental unit,Entire home/apt,0.3022894451503919,-0.34603484881343793,0.7502744742828571,0.5781548023805453,-0.10633810804191636
Frankfurter Allee Nord,Entire condo,Entire home/apt,-0.6136174451391675,-0.34603484881343793,0.7502744742828571,-0.02444768878637723,0.1190302703528702
Helmholtzplatz,Entire rental unit,Entire home/apt,0.3022894451503919,-0.34603484881343793,-0.41539898490958854,-0.6270501799532997,-0.09274176932885586
Karl-Marx-Allee-Süd,Room in hotel,Private room,-0.6136174451391675,-0.34603484881343793,-0.41539898490958854,-0.02444768878637723,-0.14712712418109788
Karlshorst,Private room in serviced apartment,Private room,-0.6136174451391675,-0.34603484881343793,-0.41539898490958854,-0.02444768878637723,-0.18338402741592588
Südliche Friedrichstadt,Entire rental unit,Entire home/apt,0.3022894451503919,-0.34603484881343793,-0.41539898490958854,-0.02444768878637723,-0.10860416449409312
Brunnenstr. Süd,Entire rental unit,Entire home/apt,-0.6136174451391675,-0.34603484881343793,-0.41539898490958854,-0.6270501799532997,-0.13353078546803737
Grünau,Entire rental unit,Entire home/apt,-0.1556639999943878,-0.34603484881343793,-0.41539898490958854,-0.02444768878637723,-0.15392529353762813
Prenzlauer Berg Nord,Entire rental unit,Entire home/apt,-0.6136174451391675,-0.34603484881343793,0.7502744742828571,-0.02444768878637723,0.3777006143688463
Südliche Friedrichstadt,Entire rental unit,Entire home/apt,0.3022894451503919,-0.34603484881343793,0.7502744742828571,-0.02444768878637723,-0.10633810804191636
Brunnenstr. Süd,Entire rental unit,Entire home/apt,-0.6136174451391675,-0.34603484881343793,-0.41539898490958854,-0.6270501799532997,-0.13353078546803737
Neu Lichtenberg,Entire rental unit,Entire home/apt,0.7602428902951717,-0.34603484881343793,0.7502744742828571,0.5781548023805453,-0.10633810804191636
Alexanderplatz,Entire rental unit,Entire home/apt,1.2181963354399514,1.7508673579497205,1.9159479334753027,0.5781548023805453,0.040955561349572435
Friedenau,Entire rental unit,Entire home/apt,-0.6136174451391675,-0.34603484881343793,-0.41539898490958854,-0.6270501799532997,-0.15392529353762813
Albrechtstr.,Entire rental unit,Entire home/apt,-0.6136174451391675,-0.34603484881343793,-0.41539898490958854,-0.02444768878637723,0.1945579319039213
Otto-Suhr-Allee,Entire rental unit,Entire home/apt,0.7602428902951717,-0.34603484881343793,-0.41539898490958854,-0.02444768878637723,-0.0542188096418511
Karl-Marx-Allee-Süd,Private room in houseboat,Private room,-0.1556639999943878,-0.34603484881343793,-0.41539898490958854,-1.2296526711202223,-0.10633810804191636
Neue Kantstraße,Entire condo,Entire home/apt,-0.6136174451391675,-0.34603484881343793,-0.41539898490958854,-0.6270501799532997,-0.10860416449409312
Moabit Ost,Entire rental unit,Entire home/apt,-0.1556639999943878,-0.34603484881343793,-0.41539898490958854,-0.02444768878637723,-0.14939318063327464
Reuterstraße,Entire rental unit,Entire home/apt,1.676149780584731,0.7024162545681413,0.7502744742828571,1.1807572935474677,0.07268035168004695
Brunnenstr. Nord,Entire rental unit,Entire home/apt,0.3022894451503919,-0.34603484881343793,-0.41539898490958854,0.5781548023805453,-0.04968669673749759
Schillerpromenade,Entire rental unit,Entire home/apt,-0.6136174451391675,-0.34603484881343793,-0.41539898490958854,-0.6270501799532997,-0.16525557579851188
Blankenburg/Heinersdorf/Märchenland,Entire rental unit,Entire home/apt,-0.6136174451391675,-0.34603484881343793,-0.41539898490958854,-0.02444768878637723,-0.17658585805939564
Weißensee,Entire rental unit,Entire home/apt,0.3022894451503919,-0.34603484881343793,-0.41539898490958854,-0.02444768878637723,-0.13579684192021413
Schöneberg-Nord,Private room in rental unit,Private room,-1.0715708902839471,-0.34603484881343793,-0.41539898490958854,-0.6270501799532997,-0.1969803661289864
Helmholtzplatz,Private room in rental unit,Private room,-1.0715708902839471,-0.34603484881343793,-0.41539898490958854,-0.6270501799532997,-0.19471430967680964
Karl-Marx-Allee-Nord,Entire rental unit,Entire home/apt,-0.6136174451391675,-0.34603484881343793,-0.41539898490958854,-0.02444768878637723,-0.1697876887028654
Frankfurter Allee Süd FK,Entire rental unit,Entire home/apt,1.2181963354399514,-0.34603484881343793,0.7502744742828571,0.5781548023805453,-0.038356414476613844
Prenzlauer Berg Südwest,Private room in rental unit,Private room,-0.6136174451391675,-0.34603484881343793,-0.41539898490958854,-0.02444768878637723,-0.14032895482456764
Lichtenrade,Entire rental unit,Entire home/apt,0.3022894451503919,-0.34603484881343793,-0.41539898490958854,-0.02444768878637723,-0.06101697899838135
Prenzlauer Berg Südwest,Entire rental unit,Entire home/apt,-0.6136174451391675,-0.34603484881343793,-1.5810724441020343,-0.6270501799532997,-0.14259501127674437
Tempelhof,Entire rental unit,Entire home/apt,-0.6136174451391675,-0.34603484881343793,-0.41539898490958854,-0.6270501799532997,-0.17205374515504213
Otto-Suhr-Allee,Entire condo,Entire home/apt,-0.6136174451391675,-0.34603484881343793,-0.41539898490958854,-0.6270501799532997,-0.15845740644198164
Kurfürstendamm,Entire rental unit,Entire home/apt,-0.6136174451391675,-0.34603484881343793,-0.41539898490958854,-0.02444768878637723,-0.11993444675497687
West 1,Entire condo,Entire home/apt,0.3022894451503919,-0.34603484881343793,0.7502744742828571,-0.6270501799532997,-0.11766839030280012
Alexanderplatz,Room in hotel,Hotel room,-0.6136174451391675,-0.34603484881343793,-0.41539898490958854,-0.02444768878637723,-0.14259501127674437
Brunnenstr. Süd,Entire rental unit,Entire home/apt,-0.6136174451391675,1.7508673579497205,0.7502744742828571,-0.6270501799532997,-0.13353078546803737
Schöneberg-Nord,Entire rental unit,Entire home/apt,3.5079635611638498,1.7508673579497205,4.247294851860194,4.796372240549003,0.14066204524534948
Frankfurter Allee Nord,Private room in condo,Private room,-0.6136174451391675,-0.34603484881343793,-0.41539898490958854,-0.6270501799532997,-0.17658585805939564
Helmholtzplatz,Entire rental unit,Entire home/apt,-0.1556639999943878,-0.34603484881343793,-0.41539898490958854,-0.6270501799532997,0.22070369124913666
nördliche Luisenstadt,Entire condo,Entire home/apt,-0.1556639999943878,-0.34603484881343793,0.7502744742828571,1.1807572935474677,0.733367238763796
Volkspark Wilmersdorf,Private room in casa particular,Private room,-1.0715708902839471,-0.34603484881343793,-0.41539898490958854,-0.6270501799532997,-0.19924642258116315
Rixdorf,Entire rental unit,Entire home/apt,-1.0715708902839471,-0.34603484881343793,-0.41539898490958854,-0.6270501799532997,-0.1697876887028654
Prenzlauer Berg Süd,Entire rental unit,Entire home/apt,-0.6136174451391675,-0.34603484881343793,-0.41539898490958854,-0.6270501799532997,-0.14259501127674437
nördliche Luisenstadt,Entire rental unit,Entire home/apt,-0.6136174451391675,-0.34603484881343793,-0.41539898490958854,-0.6270501799532997,-0.14939318063327464
Pankow Zentrum,Entire rental unit,Entire home/apt,2.1341032257295107,2.7993184613312994,1.9159479334753027,2.3859622758813126,0.02056105327998168
Weißensee,Entire rental unit,Entire home/apt,5.797730786887749,1.7508673579497205,1.9159479334753027,9.617192169884383,1.9838904918975362
Frankfurter Allee Süd FK,Entire rental unit,Entire home/apt,-0.6136174451391675,-0.34603484881343793,-0.41539898490958854,-0.6270501799532997,-0.16752163225068864
Prenzlauer Berg Nordwest,Entire rental unit,Entire home/apt,-0.1556639999943878,-0.34603484881343793,-0.41539898490958854,-0.02444768878637723,-0.12446655965933037
Frankfurter Allee Süd FK,Entire rental unit,Entire home/apt,-0.6136174451391675,-0.34603484881343793,-0.41539898490958854,-0.6270501799532997,-0.16752163225068864
Karl-Marx-Allee-Süd,Entire serviced apartment,Entire home/apt,0.7602428902951717,-0.34603484881343793,-0.41539898490958854,-0.02444768878637723,1.8689561086431312
Neue Kantstraße,Entire rental unit,Entire home/apt,1.2181963354399514,2.7993184613312994,1.9159479334753027,0.5781548023805453,0.14066204524534948
Kantstraße,Entire loft,Entire home/apt,0.3022894451503919,-0.34603484881343793,-0.41539898490958854,-0.02444768878637723,-0.011163737050492832
Weißensee Ost,Entire rental unit,Entire home/apt,2.1341032257295107,-0.34603484881343793,0.7502744742828571,1.7833597847143903,0.6107735847010338
Gatow / Kladow,Private room in guest suite,Private room,-0.6136174451391675,-0.34603484881343793,-0.41539898490958854,-0.6270501799532997,-0.1607234628941584
Nord 2,Entire rental unit,Entire home/apt,-0.6136174451391675,-0.34603484881343793,-0.41539898490958854,-0.6270501799532997,-0.15165923708545137
Alexanderplatz,Entire rental unit,Entire home/apt,-0.6136174451391675,-0.34603484881343793,-0.41539898490958854,-0.6270501799532997,-0.14259501127674437
Prenzlauer Berg Südwest,Entire rental unit,Entire home/apt,1.2181963354399514,-0.34603484881343793,0.7502744742828571,0.5781548023805453,0.031891335540865436
Prenzlauer Berg Süd,Entire rental unit,Entire home/apt,0.3022894451503919,-0.34603484881343793,-1.5810724441020343,-0.02444768878637723,-0.0587509225462046
Prenzlauer Berg Südwest,Room in aparthotel,Hotel room,-0.1556639999943878,-0.34603484881343793,-0.41539898490958854,-0.6270501799532997,-0.09500782578103262
Helmholtzplatz,Entire rental unit,Entire home/apt,-0.6136174451391675,-0.34603484881343793,0.7502744742828571,0.5781548023805453,-0.1607234628941584
südliche Luisenstadt,Entire rental unit,Entire home/apt,-0.6136174451391675,-0.34603484881343793,-0.41539898490958854,-0.6270501799532997,-0.15392529353762813
Wedding Zentrum,Entire rental unit,Entire home/apt,-0.6136174451391675,-0.34603484881343793,-0.41539898490958854,-0.6270501799532997,0.24958684678858148
Alexanderplatz,Private room in rental unit,Private room,-0.6136174451391675,-0.34603484881343793,-0.41539898490958854,-0.6270501799532997,-0.13806289837239089
Frankfurter Allee Süd FK,Entire rental unit,Entire home/apt,-0.6136174451391675,-0.34603484881343793,-0.41539898490958854,-0.6270501799532997,-0.17205374515504213
Moabit West,Entire rental unit,Entire home/apt,-0.1556639999943878,-0.34603484881343793,-0.41539898490958854,-0.6270501799532997,0.597403851633191
Brunnenstr. Nord,Entire serviced apartment,Entire home/apt,0.7602428902951717,1.7508673579497205,0.7502744742828571,0.5781548023805453,1.30709194343881
Mahlsdorf,Entire bungalow,Entire home/apt,0.3022894451503919,-0.34603484881343793,0.7502744742828571,-0.02444768878637723,-0.15165923708545137
Regierungsviertel,Entire rental unit,Entire home/apt,-0.1556639999943878,-0.34603484881343793,0.7502744742828571,-0.02444768878637723,-0.11540233385062337
Neuköllner Mitte/Zentrum,Entire rental unit,Entire home/apt,-0.6136174451391675,0.7024162545681413,-0.41539898490958854,-0.6270501799532997,-0.15165923708545137
Karl-Marx-Allee-Süd,Private room in hostel,Private room,0.3022894451503919,-0.34603484881343793,-0.41539898490958854,1.1807572935474677,-0.0678151483549116
Moabit Ost,Entire rental unit,Entire home/apt,0.7602428902951717,-0.34603484881343793,0.7502744742828571,1.1807572935474677,0.5670205667224051
Albrechtstr.,Entire rental unit,Entire home/apt,-0.6136174451391675,-0.34603484881343793,-0.41539898490958854,-0.6270501799532997,-0.1788519145115724
Tempelhofer Vorstadt,Entire loft,Entire home/apt,0.3022894451503919,-0.34603484881343793,-0.41539898490958854,-0.02444768878637723,-0.0904757128766791
Tempelhofer Vorstadt,Entire rental unit,Entire home/apt,0.7602428902951717,-0.34603484881343793,1.9159479334753027,0.5781548023805453,-0.0542188096418511
Frankfurter Allee Süd FK,Entire rental unit,Entire home/apt,1.2181963354399514,-0.34603484881343793,0.7502744742828571,1.7833597847143903,-0.042888527380967344
Prenzlauer Berg Süd,Entire condo,Entire home/apt,-0.6136174451391675,-0.34603484881343793,-0.41539898490958854,-0.6270501799532997,-0.14486106772892113
Albrechtstr.,Entire rental unit,Entire home/apt,0.3022894451503919,-0.34603484881343793,0.7502744742828571,-0.02444768878637723,-0.12446655965933037
Frankfurter Allee Süd FK,Entire rental unit,Entire home/apt,-0.6136174451391675,-0.34603484881343793,-0.41539898490958854,-0.6270501799532997,-0.017816878794083776
nördliche Luisenstadt,Private room in rental unit,Private room,-0.6136174451391675,1.7508673579497205,-0.41539898490958854,-0.6270501799532997,-0.14939318063327464
Altglienicke,Entire home,Entire home/apt,-0.1556639999943878,-0.34603484881343793,-0.41539898490958854,-0.02444768878637723,-0.16525557579851188
Südliche Friedrichstadt,Entire serviced apartment,Entire home/apt,-0.6136174451391675,-0.34603484881343793,-0.41539898490958854,-0.6270501799532997,-0.1697876887028654
Alt-Lichtenberg,Entire townhouse,Entire home/apt,0.7602428902951717,1.7508673579497205,3.0816213926677483,-0.02444768878637723,0.016028940375628176
Alexanderplatz,Entire rental unit,Entire home/apt,1.2181963354399514,-0.34603484881343793,0.7502744742828571,1.7833597847143903,0.00016654521039092139
Brunnenstr. Nord,Entire serviced apartment,Entire home/apt,0.7602428902951717,1.7508673579497205,0.7502744742828571,0.5781548023805453,-0.00436556769396258
Reuterstraße,Entire rental unit,Entire home/apt,-1.0715708902839471,-0.34603484881343793,-0.41539898490958854,-0.6270501799532997,-0.18565008386810264
Schöneberg-Nord,Entire rental unit,Entire home/apt,-0.6136174451391675,-0.34603484881343793,-0.41539898490958854,-0.6270501799532997,-0.16752163225068864
Karlshorst,Entire rental unit,Entire home/apt,1.2181963354399514,-0.34603484881343793,0.7502744742828571,1.7833597847143903,-0.0542188096418511
Neu Lichtenberg,Entire rental unit,Entire home/apt,1.676149780584731,-0.34603484881343793,0.7502744742828571,1.7833597847143903,-0.18565008386810264
Prenzlauer Berg Nord,Entire rental unit,Entire home/apt,0.3022894451503919,-0.34603484881343793,0.7502744742828571,-0.02444768878637723,-0.10860416449409312
Brunnenstr. Süd,Entire condo,Entire home/apt,-0.1556639999943878,-0.34603484881343793,-0.41539898490958854,-0.6270501799532997,-0.0814114870679721
Prenzlauer Berg Ost,Entire rental unit,Entire home/apt,0.3022894451503919,-0.34603484881343793,-1.5810724441020343,0.5781548023805453,1.844736497282266
Friedrichsfelde Nord,Entire rental unit,Entire home/apt,-0.1556639999943878,-0.34603484881343793,-0.41539898490958854,-0.02444768878637723,-0.15619134998980488
Brunnenstr. Süd,Entire rental unit,Entire home/apt,1.2181963354399514,2.7993184613312994,1.9159479334753027,0.5781548023805453,0.06814823877569344
Alexanderplatz,Entire rental unit,Entire home/apt,-0.6136174451391675,-0.34603484881343793,-0.41539898490958854,-0.02444768878637723,-0.14032895482456764
Schöneberg-Nord,Private room in rental unit,Private room,-1.0715708902839471,-0.34603484881343793,-0.41539898490958854,-0.6270501799532997,-0.1969803661289864
Otto-Suhr-Allee,Private room in rental unit,Private room,-1.0715708902839471,-0.34603484881343793,-1.5810724441020343,-0.6270501799532997,-0.19471430967680964
Frankfurter Allee Süd FK,Private room in rental unit,Private room,-0.6136174451391675,1.7508673579497205,-0.41539898490958854,-0.6270501799532997,0.0866891126674036
Karlshorst,Private room in rental unit,Private room,-1.0715708902839471,-0.34603484881343793,-0.41539898490958854,-0.6270501799532997,-0.2015124790333399
Rixdorf,Entire rental unit,Entire home/apt,0.3022894451503919,0.7024162545681413,1.9159479334753027,1.1807572935474677,0.002432601662567672
Tempelhofer Vorstadt,Entire rental unit,Entire home/apt,2.1341032257295107,-0.34603484881343793,0.7502744742828571,-0.02444768878637723,0.045487674253925935
Friedrichshagen,Entire loft,Entire home/apt,-0.6136174451391675,-0.34603484881343793,-0.41539898490958854,-0.6270501799532997,-0.1697876887028654
Brunnenstr. Süd,Entire rental unit,Entire home/apt,-0.6136174451391675,-0.34603484881343793,-1.5810724441020343,-0.6270501799532997,-0.13126472901586062
Tempelhof,Entire rental unit,Entire home/apt,-0.6136174451391675,-0.34603484881343793,-0.41539898490958854,-0.6270501799532997,-0.17431980160721888
Neuköllner Mitte/Zentrum,Entire rental unit,Entire home/apt,-0.6136174451391675,-0.34603484881343793,-0.41539898490958854,-0.6270501799532997,-0.14712712418109788
Otto-Suhr-Allee,Private room in rental unit,Private room,-0.6136174451391675,-0.34603484881343793,-0.41539898490958854,-0.6270501799532997,-0.1607234628941584
Brunnenstr. Nord,Entire serviced apartment,Entire home/apt,-0.6136174451391675,-0.34603484881343793,-1.5810724441020343,-0.6270501799532997,-0.14486106772892113
Nord 2,Private room in rental unit,Private room,-0.6136174451391675,-0.34603484881343793,-0.41539898490958854,-0.6270501799532997,0.33880148931078025
Tempelhof,Entire guesthouse,Entire home/apt,0.3022894451503919,-0.34603484881343793,-0.41539898490958854,-0.02444768878637723,-0.10633810804191636
Helmholtzplatz,Entire loft,Entire home/apt,0.7602428902951717,-0.34603484881343793,0.7502744742828571,-0.02444768878637723,-0.05195275318967435
Alexanderplatz,Entire rental unit,Entire home/apt,1.2181963354399514,1.7508673579497205,1.9159479334753027,0.5781548023805453,0.040955561349572435
Schloß Charlottenburg,Entire home,Entire home/apt,-0.1556639999943878,1.7508673579497205,0.7502744742828571,1.7833597847143903,-0.15845740644198164
Reuterstraße,Entire rental unit,Entire home/apt,0.3022894451503919,-0.34603484881343793,0.7502744742828571,0.5781548023805453,-0.0632830354505581
Brunnenstr. Süd,Entire rental unit,Entire home/apt,0.3022894451503919,-0.34603484881343793,-0.41539898490958854,-0.02444768878637723,-0.036090358024437094
Tempelhofer Vorstadt,Entire rental unit,Entire home/apt,-0.6136174451391675,-0.34603484881343793,-0.41539898490958854,-0.6270501799532997,0.4269465531875515
Prenzlauer Berg Südwest,Entire rental unit,Entire home/apt,0.7602428902951717,-0.34603484881343793,0.7502744742828571,1.1807572935474677,-0.0020995112417858293
nördliche Luisenstadt,Entire rental unit,Entire home/apt,-0.6136174451391675,-0.34603484881343793,-1.5810724441020343,-0.6270501799532997,-0.033357493943111945
Alexanderplatz,Entire serviced apartment,Entire home/apt,-0.6136174451391675,-0.34603484881343793,-0.41539898490958854,-0.6270501799532997,-0.14032895482456764
Schloß Charlottenburg,Entire rental unit,Entire home/apt,0.7602428902951717,0.7024162545681413,0.7502744742828571,-1.2296526711202223,-0.10860416449409312
Tempelhofer Vorstadt,Entire rental unit,Entire home/apt,-0.6136174451391675,-0.34603484881343793,-1.5810724441020343,-0.6270501799532997,-0.1607234628941584
Tempelhof,Private room in rental unit,Private room,0.3022894451503919,-0.34603484881343793,-0.41539898490958854,-0.6270501799532997,-0.10633810804191636
Alexanderplatz,Entire rental unit,Entire home/apt,0.3022894451503919,-0.34603484881343793,0.7502744742828571,-0.02444768878637723,-0.05195275318967435
Tempelhofer Vorstadt,Private room in rental unit,Private room,-1.0715708902839471,-0.34603484881343793,-0.41539898490958854,-0.6270501799532997,-0.19471430967680964
Alexanderplatz,Entire rental unit,Entire home/apt,1.676149780584731,-0.34603484881343793,-0.41539898490958854,1.7833597847143903,0.05681795651480969
Halensee,Entire rental unit,Entire home/apt,0.3022894451503919,-0.34603484881343793,-0.41539898490958854,1.1807572935474677,-0.13579684192021413
südliche Luisenstadt,Entire rental unit,Entire home/apt,5.339777341742969,3.8477695647128787,7.7443152294375315,7.809384696383615,0.3400750130369035
Prenzlauer Berg Nord,Entire rental unit,Entire home/apt,0.3022894451503919,-0.34603484881343793,0.7502744742828571,-0.02444768878637723,-0.10860416449409312
Prenzlauer Berg Süd,Entire rental unit,Entire home/apt,1.2181963354399514,1.7508673579497205,1.9159479334753027,0.5781548023805453,0.02509316618433518
Frankfurter Allee Süd FK,Entire condo,Entire home/apt,0.3022894451503919,-0.34603484881343793,-0.41539898490958854,-0.02444768878637723,-0.10407205158973962
Neu Lichtenberg,Entire rental unit,Entire home/apt,0.7602428902951717,-0.34603484881343793,-0.41539898490958854,-1.2296526711202223,-0.11313627739844662
Tempelhofer Vorstadt,Private room in rental unit,Private room,-1.0715708902839471,-0.34603484881343793,-0.41539898490958854,-0.6270501799532997,0.025514652684440035
südliche Luisenstadt,Entire rental unit,Entire home/apt,5.797730786887749,1.7508673579497205,1.9159479334753027,-1.2296526711202223,0.35820346465431757
Tempelhofer Vorstadt,Entire rental unit,Entire home/apt,-0.6136174451391675,-0.34603484881343793,-1.5810724441020343,-0.02444768878637723,-0.16298951934633513
Oberschöneweide,Entire serviced apartment,Entire home/apt,-0.1556639999943878,-0.34603484881343793,-0.41539898490958854,-0.02444768878637723,-0.17431980160721888
Alexanderplatz,Entire rental unit,Entire home/apt,-0.6136174451391675,-0.34603484881343793,0.7502744742828571,-0.02444768878637723,-0.14259501127674437
Brunnenstr. Nord,Entire serviced apartment,Entire home/apt,0.7602428902951717,1.7508673579497205,0.7502744742828571,0.5781548023805453,-0.008897680598316082
nördliche Luisenstadt,Entire rental unit,Entire home/apt,-0.6136174451391675,-0.34603484881343793,-0.41539898490958854,1.1807572935474677,-0.15165923708545137
Schloß Charlottenburg,Entire rental unit,Entire home/apt,-0.6136174451391675,-0.34603484881343793,-0.41539898490958854,-0.6270501799532997,-0.18565008386810264
Heerstraße Nord,Entire vacation home,Entire home/apt,0.3022894451503919,-0.34603484881343793,-0.41539898490958854,-0.02444768878637723,0.5145386992899916
Prenzlauer Berg Nordwest,Entire rental unit,Entire home/apt,-0.6136174451391675,-0.34603484881343793,-0.41539898490958854,-0.6270501799532997,-0.16298951934633513
Frankfurter Allee Süd FK,Entire rental unit,Entire home/apt,1.2181963354399514,-0.34603484881343793,-0.41539898490958854,1.1807572935474677,-0.040622470928790594
Lichtenrade,Private room in rental unit,Private room,-1.0715708902839471,-0.34603484881343793,-0.41539898490958854,-0.6270501799532997,-0.18565008386810264
Schmargendorf,Entire rental unit,Entire home/apt,0.3022894451503919,-0.34603484881343793,-0.41539898490958854,-0.02444768878637723,-0.022494019311376588
südliche Luisenstadt,Entire rental unit,Entire home/apt,-0.1556639999943878,-0.34603484881343793,-0.41539898490958854,-0.02444768878637723,-0.11766839030280012
Prenzlauer Berg Süd,Entire rental unit,Entire home/apt,2.1341032257295107,0.7024162545681413,1.9159479334753027,2.3859622758813126,0.11346936781922846
Neu Lichtenberg,Entire rental unit,Entire home/apt,-0.6136174451391675,-0.34603484881343793,-0.41539898490958854,-0.6270501799532997,-0.18111797096374915
Pankow Süd,Entire condo,Entire home/apt,-0.6136174451391675,-0.34603484881343793,-1.5810724441020343,-0.6270501799532997,-0.18111797096374915
Schöneberg-Nord,Entire rental unit,Entire home/apt,0.7602428902951717,1.7508673579497205,1.9159479334753027,2.3859622758813126,-0.0587509225462046
Südliche Friedrichstadt,Private room in rental unit,Private room,-1.0715708902839471,-0.34603484881343793,-0.41539898490958854,-0.6270501799532997,-0.19924642258116315
Karlshorst,Private room in home,Private room,-0.6136174451391675,-0.34603484881343793,-0.41539898490958854,-0.02444768878637723,-0.17205374515504213
Frankfurter Allee Nord,Entire rental unit,Entire home/apt,1.2181963354399514,-0.34603484881343793,0.7502744742828571,1.1807572935474677,-0.0723472612592651
Prenzlauer Berg Südwest,Private room in condo,Private room,-0.6136174451391675,-0.34603484881343793,-0.41539898490958854,-0.6270501799532997,-0.14259501127674437
Kurfürstendamm,Entire rental unit,Entire home/apt,0.3022894451503919,3.8477695647128787,0.7502744742828571,-0.02444768878637723,-0.011163737050492832
Moabit West,Entire rental unit,Entire home/apt,0.3022894451503919,-0.34603484881343793,-0.41539898490958854,-0.02444768878637723,-0.10407205158973962
Rummelsburger Bucht,Tiny home,Entire home/apt,-0.6136174451391675,-0.34603484881343793,-1.5810724441020343,-0.6270501799532997,-0.13579684192021413
Karl-Marx-Allee-Süd,Entire rental unit,Entire home/apt,0.3022894451503919,-0.34603484881343793,-0.41539898490958854,-0.02444768878637723,0.7822506085501529
Weißensee,Entire rental unit,Entire home/apt,-0.1556639999943878,-0.34603484881343793,-1.5810724441020343,-0.02444768878637723,-0.15845740644198164
Tiergarten Süd,Room in serviced apartment,Hotel room,-0.6136174451391675,-0.34603484881343793,-0.41539898490958854,-0.6270501799532997,-0.16298951934633513
Prenzlauer Berg Südwest,Entire condo,Entire home/apt,-0.6136174451391675,-0.34603484881343793,-1.5810724441020343,-0.02444768878637723,-0.13806289837239089
Grünau,Entire rental unit,Entire home/apt,-0.6136174451391675,-0.34603484881343793,-0.41539898490958854,-0.6270501799532997,-0.17658585805939564
Neuköllner Mitte/Zentrum,Entire rental unit,Entire home/apt,-0.1556639999943878,0.7024162545681413,0.7502744742828571,-0.02444768878637723,-0.11313627739844662
Tempelhofer Vorstadt,Entire rental unit,Entire home/apt,-0.6136174451391675,-0.34603484881343793,-0.41539898490958854,-0.6270501799532997,-0.15845740644198164
Tiergarten Süd,Entire rental unit,Entire home/apt,0.3022894451503919,-0.34603484881343793,0.7502744742828571,-0.02444768878637723,-0.09727388223320936
Wedding Zentrum,Entire rental unit,Entire home/apt,1.2181963354399514,-0.34603484881343793,0.7502744742828571,2.3859622758813126,-0.06554909190273485
Brunnenstr. Süd,Entire rental unit,Entire home/apt,-0.1556639999943878,-0.34603484881343793,0.7502744742828571,1.1807572935474677,-0.08367754352014886
Helmholtzplatz,Entire rental unit,Entire home/apt,3.96591700630863,1.7508673579497205,3.0816213926677483,2.9885647670482354,0.1950474000975915
Charlottenburg Nord,Private room in rental unit,Private room,-0.6136174451391675,-0.34603484881343793,-0.41539898490958854,-0.6270501799532997,-0.17431980160721888
Parkviertel,Entire serviced apartment,Entire home/apt,2.1341032257295107,-0.34603484881343793,0.7502744742828571,1.1807572935474677,0.09987302910616795
Ost 2,Private room in rental unit,Private room,-1.0715708902839471,-0.34603484881343793,-0.41539898490958854,-0.6270501799532997,-0.18111797096374915
Frankfurter Allee Süd FK,Entire rental unit,Entire home/apt,-0.6136174451391675,-0.34603484881343793,-0.41539898490958854,-0.6270501799532997,-0.16752163225068864
Haselhorst,Houseboat,Entire home/apt,0.3022894451503919,-0.34603484881343793,0.7502744742828571,-0.02444768878637723,-0.015695849954846335
Frankfurter Allee Nord,Entire rental unit,Entire home/apt,0.3022894451503919,0.7024162545681413,0.7502744742828571,-0.02444768878637723,-0.11540233385062337
Schöneberg-Nord,Room in hotel,Private room,-0.6136174451391675,-0.34603484881343793,-0.41539898490958854,-0.6270501799532997,-0.16752163225068864
Reuterstraße,Entire rental unit,Entire home/apt,-0.6136174451391675,-0.34603484881343793,-0.41539898490958854,-0.6270501799532997,-0.14259501127674437
Tempelhofer Vorstadt,Private room in guesthouse,Private room,0.3022894451503919,3.8477695647128787,-1.5810724441020343,-0.02444768878637723,-0.0904757128766791
nördliche Luisenstadt,Entire rental unit,Entire home/apt,-0.6136174451391675,0.7024162545681413,-0.41539898490958854,-0.6270501799532997,-0.14712712418109788
Köllnische Heide,Entire rental unit,Entire home/apt,-0.1556639999943878,-0.34603484881343793,-1.5810724441020343,-0.02444768878637723,-0.16525557579851188
Prenzlauer Berg Süd,Private room in condo,Private room,-1.0715708902839471,-0.34603484881343793,-0.41539898490958854,-0.6270501799532997,-0.06145659395010365
Neuköllner Mitte/Zentrum,Entire rental unit,Entire home/apt,-0.6136174451391675,-0.34603484881343793,-0.41539898490958854,-0.6270501799532997,-0.15165923708545137
Moabit West,Entire condo,Entire home/apt,-0.6136174451391675,-0.34603484881343793,-0.41539898490958854,-0.02444768878637723,-0.16525557579851188
Düsseldorfer Straße,Entire condo,Entire home/apt,-0.6136174451391675,-0.34603484881343793,-0.41539898490958854,-0.6270501799532997,0.0971900182667907
Alexanderplatz,Entire rental unit,Entire home/apt,1.2181963354399514,-0.34603484881343793,0.7502744742828571,1.1807572935474677,0.043221617801749185
Alexanderplatz,Entire rental unit,Entire home/apt,-0.1556639999943878,-0.34603484881343793,-0.41539898490958854,-0.02444768878637723,0.41396658182948304
Schillerpromenade,Entire rental unit,Entire home/apt,0.3022894451503919,-0.34603484881343793,-0.41539898490958854,-0.6270501799532997,-0.09500782578103262
Brunnenstr. Süd,Entire rental unit,Entire home/apt,-0.6136174451391675,-0.34603484881343793,-0.41539898490958854,-0.02444768878637723,-0.13353078546803737
Brunnenstr. Süd,Entire rental unit,Entire home/apt,-0.1556639999943878,-0.34603484881343793,-0.41539898490958854,-0.6270501799532997,-0.0814114870679721
Moabit West,Entire rental unit,Entire home/apt,-0.1556639999943878,-0.34603484881343793,-0.41539898490958854,-1.2296526711202223,0.22487776723404626
Brunnenstr. Süd,Entire rental unit,Entire home/apt,0.3022894451503919,-0.34603484881343793,-0.41539898490958854,-0.02444768878637723,-0.036090358024437094
Kurfürstendamm,Entire rental unit,Entire home/apt,-0.1556639999943878,-0.34603484881343793,0.7502744742828571,-0.02444768878637723,-0.0678151483549116
südliche Luisenstadt,Entire rental unit,Entire home/apt,1.2181963354399514,-0.34603484881343793,0.7502744742828571,0.5781548023805453,1.2327471633557952
Düsseldorfer Straße,Entire rental unit,Entire home/apt,0.3022894451503919,-0.34603484881343793,0.7502744742828571,-0.02444768878637723,-0.14259501127674437
Alexanderplatz,Entire rental unit,Entire home/apt,1.676149780584731,-0.34603484881343793,1.9159479334753027,1.1807572935474677,0.0840106339409307
Frankfurter Allee Süd FK,Entire condo,Entire home/apt,-0.1556639999943878,-0.34603484881343793,0.7502744742828571,-0.02444768878637723,-0.13579684192021413
Helmholtzplatz,Entire rental unit,Entire home/apt,-0.6136174451391675,-0.34603484881343793,-0.41539898490958854,-0.02444768878637723,-0.1607234628941584
Südliche Friedrichstadt,Entire rental unit,Entire home/apt,-0.1556639999943878,-0.34603484881343793,-0.41539898490958854,-0.02444768878637723,-0.13806289837239089
